variable,value,date
Mainland_China_Anhui,1,2020-01-22
Mainland_China_Anhui,9,2020-01-23
Mainland_China_Anhui,15,2020-01-24
Mainland_China_Anhui,39,2020-01-25
Mainland_China_Anhui,60,2020-01-26
Mainland_China_Anhui,70,2020-01-27
Mainland_China_Anhui,106,2020-01-28
Mainland_China_Anhui,152,2020-01-29
Mainland_China_Anhui,200,2020-01-30
Mainland_China_Anhui,237,2020-01-31
Mainland_China_Anhui,297,2020-02-01
Mainland_China_Anhui,340,2020-02-02
Mainland_China_Anhui,408,2020-02-03
Mainland_China_Anhui,480,2020-02-04
Mainland_China_Anhui,530,2020-02-05
Mainland_China_Anhui,591,2020-02-06
Mainland_China_Anhui,665,2020-02-07
Mainland_China_Anhui,733,2020-02-08
Mainland_China_Anhui,779,2020-02-09
Mainland_China_Anhui,830,2020-02-10
Mainland_China_Anhui,860,2020-02-11
Mainland_China_Anhui,889,2020-02-12
Mainland_China_Anhui,910,2020-02-13
Mainland_China_Anhui,934,2020-02-14
Mainland_China_Anhui,950,2020-02-15
Mainland_China_Anhui,962,2020-02-16
Mainland_China_Anhui,973,2020-02-17
Mainland_China_Anhui,982,2020-02-18
Mainland_China_Anhui,986,2020-02-19
Mainland_China_Beijing,14,2020-01-22
Mainland_China_Beijing,22,2020-01-23
Mainland_China_Beijing,36,2020-01-24
Mainland_China_Beijing,41,2020-01-25
Mainland_China_Beijing,68,2020-01-26
Mainland_China_Beijing,80,2020-01-27
Mainland_China_Beijing,91,2020-01-28
Mainland_China_Beijing,111,2020-01-29
Mainland_China_Beijing,114,2020-01-30
Mainland_China_Beijing,139,2020-01-31
Mainland_China_Beijing,168,2020-02-01
Mainland_China_Beijing,191,2020-02-02
Mainland_China_Beijing,212,2020-02-03
Mainland_China_Beijing,228,2020-02-04
Mainland_China_Beijing,253,2020-02-05
Mainland_China_Beijing,274,2020-02-06
Mainland_China_Beijing,297,2020-02-07
Mainland_China_Beijing,315,2020-02-08
Mainland_China_Beijing,326,2020-02-09
Mainland_China_Beijing,337,2020-02-10
Mainland_China_Beijing,342,2020-02-11
Mainland_China_Beijing,352,2020-02-12
Mainland_China_Beijing,366,2020-02-13
Mainland_China_Beijing,372,2020-02-14
Mainland_China_Beijing,375,2020-02-15
Mainland_China_Beijing,380,2020-02-16
Mainland_China_Beijing,381,2020-02-17
Mainland_China_Beijing,387,2020-02-18
Mainland_China_Beijing,393,2020-02-19
Mainland_China_Chongqing,6,2020-01-22
Mainland_China_Chongqing,9,2020-01-23
Mainland_China_Chongqing,27,2020-01-24
Mainland_China_Chongqing,57,2020-01-25
Mainland_China_Chongqing,75,2020-01-26
Mainland_China_Chongqing,110,2020-01-27
Mainland_China_Chongqing,132,2020-01-28
Mainland_China_Chongqing,147,2020-01-29
Mainland_China_Chongqing,182,2020-01-30
Mainland_China_Chongqing,211,2020-01-31
Mainland_China_Chongqing,247,2020-02-01
Mainland_China_Chongqing,300,2020-02-02
Mainland_China_Chongqing,337,2020-02-03
Mainland_China_Chongqing,366,2020-02-04
Mainland_China_Chongqing,389,2020-02-05
Mainland_China_Chongqing,411,2020-02-06
Mainland_China_Chongqing,426,2020-02-07
Mainland_China_Chongqing,428,2020-02-08
Mainland_China_Chongqing,468,2020-02-09
Mainland_China_Chongqing,486,2020-02-10
Mainland_China_Chongqing,505,2020-02-11
Mainland_China_Chongqing,518,2020-02-12
Mainland_China_Chongqing,529,2020-02-13
Mainland_China_Chongqing,537,2020-02-14
Mainland_China_Chongqing,544,2020-02-15
Mainland_China_Chongqing,551,2020-02-16
Mainland_China_Chongqing,553,2020-02-17
Mainland_China_Chongqing,555,2020-02-18
Mainland_China_Chongqing,560,2020-02-19
Mainland_China_Fujian,1,2020-01-22
Mainland_China_Fujian,5,2020-01-23
Mainland_China_Fujian,10,2020-01-24
Mainland_China_Fujian,18,2020-01-25
Mainland_China_Fujian,35,2020-01-26
Mainland_China_Fujian,59,2020-01-27
Mainland_China_Fujian,80,2020-01-28
Mainland_China_Fujian,84,2020-01-29
Mainland_China_Fujian,101,2020-01-30
Mainland_China_Fujian,120,2020-01-31
Mainland_China_Fujian,144,2020-02-01
Mainland_China_Fujian,159,2020-02-02
Mainland_China_Fujian,179,2020-02-03
Mainland_China_Fujian,194,2020-02-04
Mainland_China_Fujian,205,2020-02-05
Mainland_China_Fujian,215,2020-02-06
Mainland_China_Fujian,224,2020-02-07
Mainland_China_Fujian,239,2020-02-08
Mainland_China_Fujian,250,2020-02-09
Mainland_China_Fujian,261,2020-02-10
Mainland_China_Fujian,267,2020-02-11
Mainland_China_Fujian,272,2020-02-12
Mainland_China_Fujian,279,2020-02-13
Mainland_China_Fujian,281,2020-02-14
Mainland_China_Fujian,285,2020-02-15
Mainland_China_Fujian,287,2020-02-16
Mainland_China_Fujian,290,2020-02-17
Mainland_China_Fujian,292,2020-02-18
Mainland_China_Fujian,293,2020-02-19
Mainland_China_Gansu,0,2020-01-22
Mainland_China_Gansu,2,2020-01-23
Mainland_China_Gansu,2,2020-01-24
Mainland_China_Gansu,4,2020-01-25
Mainland_China_Gansu,7,2020-01-26
Mainland_China_Gansu,14,2020-01-27
Mainland_China_Gansu,19,2020-01-28
Mainland_China_Gansu,24,2020-01-29
Mainland_China_Gansu,26,2020-01-30
Mainland_China_Gansu,29,2020-01-31
Mainland_China_Gansu,40,2020-02-01
Mainland_China_Gansu,51,2020-02-02
Mainland_China_Gansu,55,2020-02-03
Mainland_China_Gansu,57,2020-02-04
Mainland_China_Gansu,62,2020-02-05
Mainland_China_Gansu,62,2020-02-06
Mainland_China_Gansu,67,2020-02-07
Mainland_China_Gansu,79,2020-02-08
Mainland_China_Gansu,83,2020-02-09
Mainland_China_Gansu,83,2020-02-10
Mainland_China_Gansu,86,2020-02-11
Mainland_China_Gansu,87,2020-02-12
Mainland_China_Gansu,90,2020-02-13
Mainland_China_Gansu,90,2020-02-14
Mainland_China_Gansu,90,2020-02-15
Mainland_China_Gansu,90,2020-02-16
Mainland_China_Gansu,91,2020-02-17
Mainland_China_Gansu,91,2020-02-18
Mainland_China_Gansu,91,2020-02-19
Mainland_China_Guangdong,26,2020-01-22
Mainland_China_Guangdong,32,2020-01-23
Mainland_China_Guangdong,53,2020-01-24
Mainland_China_Guangdong,78,2020-01-25
Mainland_China_Guangdong,111,2020-01-26
Mainland_China_Guangdong,151,2020-01-27
Mainland_China_Guangdong,207,2020-01-28
Mainland_China_Guangdong,277,2020-01-29
Mainland_China_Guangdong,354,2020-01-30
Mainland_China_Guangdong,436,2020-01-31
Mainland_China_Guangdong,535,2020-02-01
Mainland_China_Guangdong,632,2020-02-02
Mainland_China_Guangdong,725,2020-02-03
Mainland_China_Guangdong,813,2020-02-04
Mainland_China_Guangdong,895,2020-02-05
Mainland_China_Guangdong,970,2020-02-06
Mainland_China_Guangdong,1034,2020-02-07
Mainland_China_Guangdong,1095,2020-02-08
Mainland_China_Guangdong,1131,2020-02-09
Mainland_China_Guangdong,1159,2020-02-10
Mainland_China_Guangdong,1177,2020-02-11
Mainland_China_Guangdong,1219,2020-02-12
Mainland_China_Guangdong,1241,2020-02-13
Mainland_China_Guangdong,1261,2020-02-14
Mainland_China_Guangdong,1294,2020-02-15
Mainland_China_Guangdong,1316,2020-02-16
Mainland_China_Guangdong,1322,2020-02-17
Mainland_China_Guangdong,1328,2020-02-18
Mainland_China_Guangdong,1331,2020-02-19
Mainland_China_Guangxi,2,2020-01-22
Mainland_China_Guangxi,5,2020-01-23
Mainland_China_Guangxi,23,2020-01-24
Mainland_China_Guangxi,23,2020-01-25
Mainland_China_Guangxi,36,2020-01-26
Mainland_China_Guangxi,46,2020-01-27
Mainland_China_Guangxi,51,2020-01-28
Mainland_China_Guangxi,58,2020-01-29
Mainland_China_Guangxi,78,2020-01-30
Mainland_China_Guangxi,87,2020-01-31
Mainland_China_Guangxi,100,2020-02-01
Mainland_China_Guangxi,111,2020-02-02
Mainland_China_Guangxi,127,2020-02-03
Mainland_China_Guangxi,139,2020-02-04
Mainland_China_Guangxi,150,2020-02-05
Mainland_China_Guangxi,168,2020-02-06
Mainland_China_Guangxi,172,2020-02-07
Mainland_China_Guangxi,183,2020-02-08
Mainland_China_Guangxi,195,2020-02-09
Mainland_China_Guangxi,210,2020-02-10
Mainland_China_Guangxi,215,2020-02-11
Mainland_China_Guangxi,222,2020-02-12
Mainland_China_Guangxi,222,2020-02-13
Mainland_China_Guangxi,226,2020-02-14
Mainland_China_Guangxi,235,2020-02-15
Mainland_China_Guangxi,237,2020-02-16
Mainland_China_Guangxi,238,2020-02-17
Mainland_China_Guangxi,242,2020-02-18
Mainland_China_Guangxi,244,2020-02-19
Mainland_China_Guizhou,1,2020-01-22
Mainland_China_Guizhou,3,2020-01-23
Mainland_China_Guizhou,3,2020-01-24
Mainland_China_Guizhou,4,2020-01-25
Mainland_China_Guizhou,5,2020-01-26
Mainland_China_Guizhou,7,2020-01-27
Mainland_China_Guizhou,9,2020-01-28
Mainland_China_Guizhou,9,2020-01-29
Mainland_China_Guizhou,12,2020-01-30
Mainland_China_Guizhou,29,2020-01-31
Mainland_China_Guizhou,29,2020-02-01
Mainland_China_Guizhou,38,2020-02-02
Mainland_China_Guizhou,46,2020-02-03
Mainland_China_Guizhou,58,2020-02-04
Mainland_China_Guizhou,64,2020-02-05
Mainland_China_Guizhou,71,2020-02-06
Mainland_China_Guizhou,81,2020-02-07
Mainland_China_Guizhou,89,2020-02-08
Mainland_China_Guizhou,99,2020-02-09
Mainland_China_Guizhou,109,2020-02-10
Mainland_China_Guizhou,127,2020-02-11
Mainland_China_Guizhou,133,2020-02-12
Mainland_China_Guizhou,135,2020-02-13
Mainland_China_Guizhou,140,2020-02-14
Mainland_China_Guizhou,143,2020-02-15
Mainland_China_Guizhou,144,2020-02-16
Mainland_China_Guizhou,146,2020-02-17
Mainland_China_Guizhou,146,2020-02-18
Mainland_China_Guizhou,146,2020-02-19
Mainland_China_Hainan,4,2020-01-22
Mainland_China_Hainan,5,2020-01-23
Mainland_China_Hainan,8,2020-01-24
Mainland_China_Hainan,19,2020-01-25
Mainland_China_Hainan,22,2020-01-26
Mainland_China_Hainan,33,2020-01-27
Mainland_China_Hainan,40,2020-01-28
Mainland_China_Hainan,43,2020-01-29
Mainland_China_Hainan,46,2020-01-30
Mainland_China_Hainan,52,2020-01-31
Mainland_China_Hainan,62,2020-02-01
Mainland_China_Hainan,64,2020-02-02
Mainland_China_Hainan,72,2020-02-03
Mainland_China_Hainan,80,2020-02-04
Mainland_China_Hainan,99,2020-02-05
Mainland_China_Hainan,106,2020-02-06
Mainland_China_Hainan,117,2020-02-07
Mainland_China_Hainan,124,2020-02-08
Mainland_China_Hainan,131,2020-02-09
Mainland_China_Hainan,138,2020-02-10
Mainland_China_Hainan,144,2020-02-11
Mainland_China_Hainan,157,2020-02-12
Mainland_China_Hainan,157,2020-02-13
Mainland_China_Hainan,159,2020-02-14
Mainland_China_Hainan,162,2020-02-15
Mainland_China_Hainan,162,2020-02-16
Mainland_China_Hainan,163,2020-02-17
Mainland_China_Hainan,163,2020-02-18
Mainland_China_Hainan,168,2020-02-19
Mainland_China_Hebei,1,2020-01-22
Mainland_China_Hebei,1,2020-01-23
Mainland_China_Hebei,2,2020-01-24
Mainland_China_Hebei,8,2020-01-25
Mainland_China_Hebei,13,2020-01-26
Mainland_China_Hebei,18,2020-01-27
Mainland_China_Hebei,33,2020-01-28
Mainland_China_Hebei,48,2020-01-29
Mainland_China_Hebei,65,2020-01-30
Mainland_China_Hebei,82,2020-01-31
Mainland_China_Hebei,96,2020-02-01
Mainland_China_Hebei,104,2020-02-02
Mainland_China_Hebei,113,2020-02-03
Mainland_China_Hebei,126,2020-02-04
Mainland_China_Hebei,135,2020-02-05
Mainland_China_Hebei,157,2020-02-06
Mainland_China_Hebei,172,2020-02-07
Mainland_China_Hebei,195,2020-02-08
Mainland_China_Hebei,206,2020-02-09
Mainland_China_Hebei,218,2020-02-10
Mainland_China_Hebei,239,2020-02-11
Mainland_China_Hebei,251,2020-02-12
Mainland_China_Hebei,265,2020-02-13
Mainland_China_Hebei,283,2020-02-14
Mainland_China_Hebei,291,2020-02-15
Mainland_China_Hebei,300,2020-02-16
Mainland_China_Hebei,301,2020-02-17
Mainland_China_Hebei,306,2020-02-18
Mainland_China_Hebei,306,2020-02-19
Mainland_China_Heilongjiang,0,2020-01-22
Mainland_China_Heilongjiang,2,2020-01-23
Mainland_China_Heilongjiang,4,2020-01-24
Mainland_China_Heilongjiang,9,2020-01-25
Mainland_China_Heilongjiang,15,2020-01-26
Mainland_China_Heilongjiang,21,2020-01-27
Mainland_China_Heilongjiang,33,2020-01-28
Mainland_China_Heilongjiang,38,2020-01-29
Mainland_China_Heilongjiang,44,2020-01-30
Mainland_China_Heilongjiang,59,2020-01-31
Mainland_China_Heilongjiang,80,2020-02-01
Mainland_China_Heilongjiang,95,2020-02-02
Mainland_China_Heilongjiang,121,2020-02-03
Mainland_China_Heilongjiang,155,2020-02-04
Mainland_China_Heilongjiang,190,2020-02-05
Mainland_China_Heilongjiang,227,2020-02-06
Mainland_China_Heilongjiang,277,2020-02-07
Mainland_China_Heilongjiang,295,2020-02-08
Mainland_China_Heilongjiang,307,2020-02-09
Mainland_China_Heilongjiang,331,2020-02-10
Mainland_China_Heilongjiang,360,2020-02-11
Mainland_China_Heilongjiang,378,2020-02-12
Mainland_China_Heilongjiang,395,2020-02-13
Mainland_China_Heilongjiang,419,2020-02-14
Mainland_China_Heilongjiang,425,2020-02-15
Mainland_China_Heilongjiang,445,2020-02-16
Mainland_China_Heilongjiang,457,2020-02-17
Mainland_China_Heilongjiang,464,2020-02-18
Mainland_China_Heilongjiang,470,2020-02-19
Mainland_China_Henan,5,2020-01-22
Mainland_China_Henan,5,2020-01-23
Mainland_China_Henan,9,2020-01-24
Mainland_China_Henan,32,2020-01-25
Mainland_China_Henan,83,2020-01-26
Mainland_China_Henan,128,2020-01-27
Mainland_China_Henan,168,2020-01-28
Mainland_China_Henan,206,2020-01-29
Mainland_China_Henan,278,2020-01-30
Mainland_China_Henan,352,2020-01-31
Mainland_China_Henan,422,2020-02-01
Mainland_China_Henan,493,2020-02-02
Mainland_China_Henan,566,2020-02-03
Mainland_China_Henan,675,2020-02-04
Mainland_China_Henan,764,2020-02-05
Mainland_China_Henan,851,2020-02-06
Mainland_China_Henan,914,2020-02-07
Mainland_China_Henan,981,2020-02-08
Mainland_China_Henan,1033,2020-02-09
Mainland_China_Henan,1073,2020-02-10
Mainland_China_Henan,1105,2020-02-11
Mainland_China_Henan,1135,2020-02-12
Mainland_China_Henan,1169,2020-02-13
Mainland_China_Henan,1184,2020-02-14
Mainland_China_Henan,1212,2020-02-15
Mainland_China_Henan,1231,2020-02-16
Mainland_China_Henan,1246,2020-02-17
Mainland_China_Henan,1257,2020-02-18
Mainland_China_Henan,1262,2020-02-19
Mainland_China_Hubei,444,2020-01-22
Mainland_China_Hubei,444,2020-01-23
Mainland_China_Hubei,549,2020-01-24
Mainland_China_Hubei,761,2020-01-25
Mainland_China_Hubei,1058,2020-01-26
Mainland_China_Hubei,1423,2020-01-27
Mainland_China_Hubei,3554,2020-01-28
Mainland_China_Hubei,3554,2020-01-29
Mainland_China_Hubei,4903,2020-01-30
Mainland_China_Hubei,5806,2020-01-31
Mainland_China_Hubei,7153,2020-02-01
Mainland_China_Hubei,11177,2020-02-02
Mainland_China_Hubei,13522,2020-02-03
Mainland_China_Hubei,16678,2020-02-04
Mainland_China_Hubei,19665,2020-02-05
Mainland_China_Hubei,22112,2020-02-06
Mainland_China_Hubei,24953,2020-02-07
Mainland_China_Hubei,27100,2020-02-08
Mainland_China_Hubei,29631,2020-02-09
Mainland_China_Hubei,31728,2020-02-10
Mainland_China_Hubei,33366,2020-02-11
Mainland_China_Hubei,33366,2020-02-12
Mainland_China_Hubei,48206,2020-02-13
Mainland_China_Hubei,54406,2020-02-14
Mainland_China_Hubei,56249,2020-02-15
Mainland_China_Hubei,58182,2020-02-16
Mainland_China_Hubei,59989,2020-02-17
Mainland_China_Hubei,61682,2020-02-18
Mainland_China_Hubei,62031,2020-02-19
Mainland_China_Hunan,4,2020-01-22
Mainland_China_Hunan,9,2020-01-23
Mainland_China_Hunan,24,2020-01-24
Mainland_China_Hunan,43,2020-01-25
Mainland_China_Hunan,69,2020-01-26
Mainland_China_Hunan,100,2020-01-27
Mainland_China_Hunan,143,2020-01-28
Mainland_China_Hunan,221,2020-01-29
Mainland_China_Hunan,277,2020-01-30
Mainland_China_Hunan,332,2020-01-31
Mainland_China_Hunan,389,2020-02-01
Mainland_China_Hunan,463,2020-02-02
Mainland_China_Hunan,521,2020-02-03
Mainland_China_Hunan,593,2020-02-04
Mainland_China_Hunan,661,2020-02-05
Mainland_China_Hunan,711,2020-02-06
Mainland_China_Hunan,772,2020-02-07
Mainland_China_Hunan,803,2020-02-08
Mainland_China_Hunan,838,2020-02-09
Mainland_China_Hunan,879,2020-02-10
Mainland_China_Hunan,912,2020-02-11
Mainland_China_Hunan,946,2020-02-12
Mainland_China_Hunan,968,2020-02-13
Mainland_China_Hunan,988,2020-02-14
Mainland_China_Hunan,1001,2020-02-15
Mainland_China_Hunan,1004,2020-02-16
Mainland_China_Hunan,1006,2020-02-17
Mainland_China_Hunan,1007,2020-02-18
Mainland_China_Hunan,1008,2020-02-19
Mainland_China_Inner_Mongolia,0,2020-01-22
Mainland_China_Inner_Mongolia,0,2020-01-23
Mainland_China_Inner_Mongolia,1,2020-01-24
Mainland_China_Inner_Mongolia,7,2020-01-25
Mainland_China_Inner_Mongolia,7,2020-01-26
Mainland_China_Inner_Mongolia,11,2020-01-27
Mainland_China_Inner_Mongolia,15,2020-01-28
Mainland_China_Inner_Mongolia,16,2020-01-29
Mainland_China_Inner_Mongolia,19,2020-01-30
Mainland_China_Inner_Mongolia,20,2020-01-31
Mainland_China_Inner_Mongolia,23,2020-02-01
Mainland_China_Inner_Mongolia,27,2020-02-02
Mainland_China_Inner_Mongolia,34,2020-02-03
Mainland_China_Inner_Mongolia,35,2020-02-04
Mainland_China_Inner_Mongolia,42,2020-02-05
Mainland_China_Inner_Mongolia,46,2020-02-06
Mainland_China_Inner_Mongolia,50,2020-02-07
Mainland_China_Inner_Mongolia,52,2020-02-08
Mainland_China_Inner_Mongolia,54,2020-02-09
Mainland_China_Inner_Mongolia,58,2020-02-10
Mainland_China_Inner_Mongolia,58,2020-02-11
Mainland_China_Inner_Mongolia,60,2020-02-12
Mainland_China_Inner_Mongolia,61,2020-02-13
Mainland_China_Inner_Mongolia,65,2020-02-14
Mainland_China_Inner_Mongolia,68,2020-02-15
Mainland_China_Inner_Mongolia,70,2020-02-16
Mainland_China_Inner_Mongolia,72,2020-02-17
Mainland_China_Inner_Mongolia,73,2020-02-18
Mainland_China_Inner_Mongolia,75,2020-02-19
Mainland_China_Jiangsu,1,2020-01-22
Mainland_China_Jiangsu,5,2020-01-23
Mainland_China_Jiangsu,9,2020-01-24
Mainland_China_Jiangsu,18,2020-01-25
Mainland_China_Jiangsu,33,2020-01-26
Mainland_China_Jiangsu,47,2020-01-27
Mainland_China_Jiangsu,70,2020-01-28
Mainland_China_Jiangsu,99,2020-01-29
Mainland_China_Jiangsu,129,2020-01-30
Mainland_China_Jiangsu,168,2020-01-31
Mainland_China_Jiangsu,202,2020-02-01
Mainland_China_Jiangsu,236,2020-02-02
Mainland_China_Jiangsu,271,2020-02-03
Mainland_China_Jiangsu,308,2020-02-04
Mainland_China_Jiangsu,341,2020-02-05
Mainland_China_Jiangsu,373,2020-02-06
Mainland_China_Jiangsu,408,2020-02-07
Mainland_China_Jiangsu,439,2020-02-08
Mainland_China_Jiangsu,468,2020-02-09
Mainland_China_Jiangsu,492,2020-02-10
Mainland_China_Jiangsu,515,2020-02-11
Mainland_China_Jiangsu,543,2020-02-12
Mainland_China_Jiangsu,570,2020-02-13
Mainland_China_Jiangsu,593,2020-02-14
Mainland_China_Jiangsu,604,2020-02-15
Mainland_China_Jiangsu,617,2020-02-16
Mainland_China_Jiangsu,626,2020-02-17
Mainland_China_Jiangsu,629,2020-02-18
Mainland_China_Jiangsu,631,2020-02-19
Mainland_China_Jiangxi,2,2020-01-22
Mainland_China_Jiangxi,7,2020-01-23
Mainland_China_Jiangxi,18,2020-01-24
Mainland_China_Jiangxi,18,2020-01-25
Mainland_China_Jiangxi,36,2020-01-26
Mainland_China_Jiangxi,72,2020-01-27
Mainland_China_Jiangxi,109,2020-01-28
Mainland_China_Jiangxi,109,2020-01-29
Mainland_China_Jiangxi,162,2020-01-30
Mainland_China_Jiangxi,240,2020-01-31
Mainland_China_Jiangxi,286,2020-02-01
Mainland_China_Jiangxi,333,2020-02-02
Mainland_China_Jiangxi,391,2020-02-03
Mainland_China_Jiangxi,476,2020-02-04
Mainland_China_Jiangxi,548,2020-02-05
Mainland_China_Jiangxi,600,2020-02-06
Mainland_China_Jiangxi,661,2020-02-07
Mainland_China_Jiangxi,698,2020-02-08
Mainland_China_Jiangxi,740,2020-02-09
Mainland_China_Jiangxi,771,2020-02-10
Mainland_China_Jiangxi,804,2020-02-11
Mainland_China_Jiangxi,844,2020-02-12
Mainland_China_Jiangxi,872,2020-02-13
Mainland_China_Jiangxi,900,2020-02-14
Mainland_China_Jiangxi,913,2020-02-15
Mainland_China_Jiangxi,925,2020-02-16
Mainland_China_Jiangxi,930,2020-02-17
Mainland_China_Jiangxi,933,2020-02-18
Mainland_China_Jiangxi,934,2020-02-19
Mainland_China_Jilin,0,2020-01-22
Mainland_China_Jilin,1,2020-01-23
Mainland_China_Jilin,3,2020-01-24
Mainland_China_Jilin,4,2020-01-25
Mainland_China_Jilin,4,2020-01-26
Mainland_China_Jilin,6,2020-01-27
Mainland_China_Jilin,8,2020-01-28
Mainland_China_Jilin,9,2020-01-29
Mainland_China_Jilin,14,2020-01-30
Mainland_China_Jilin,14,2020-01-31
Mainland_China_Jilin,17,2020-02-01
Mainland_China_Jilin,23,2020-02-02
Mainland_China_Jilin,31,2020-02-03
Mainland_China_Jilin,42,2020-02-04
Mainland_China_Jilin,54,2020-02-05
Mainland_China_Jilin,59,2020-02-06
Mainland_China_Jilin,65,2020-02-07
Mainland_China_Jilin,69,2020-02-08
Mainland_China_Jilin,78,2020-02-09
Mainland_China_Jilin,80,2020-02-10
Mainland_China_Jilin,81,2020-02-11
Mainland_China_Jilin,83,2020-02-12
Mainland_China_Jilin,84,2020-02-13
Mainland_China_Jilin,86,2020-02-14
Mainland_China_Jilin,88,2020-02-15
Mainland_China_Jilin,89,2020-02-16
Mainland_China_Jilin,89,2020-02-17
Mainland_China_Jilin,89,2020-02-18
Mainland_China_Jilin,90,2020-02-19
Mainland_China_Liaoning,2,2020-01-22
Mainland_China_Liaoning,3,2020-01-23
Mainland_China_Liaoning,4,2020-01-24
Mainland_China_Liaoning,17,2020-01-25
Mainland_China_Liaoning,21,2020-01-26
Mainland_China_Liaoning,27,2020-01-27
Mainland_China_Liaoning,34,2020-01-28
Mainland_China_Liaoning,39,2020-01-29
Mainland_China_Liaoning,41,2020-01-30
Mainland_China_Liaoning,48,2020-01-31
Mainland_China_Liaoning,64,2020-02-01
Mainland_China_Liaoning,70,2020-02-02
Mainland_China_Liaoning,74,2020-02-03
Mainland_China_Liaoning,81,2020-02-04
Mainland_China_Liaoning,89,2020-02-05
Mainland_China_Liaoning,94,2020-02-06
Mainland_China_Liaoning,99,2020-02-07
Mainland_China_Liaoning,105,2020-02-08
Mainland_China_Liaoning,107,2020-02-09
Mainland_China_Liaoning,108,2020-02-10
Mainland_China_Liaoning,111,2020-02-11
Mainland_China_Liaoning,116,2020-02-12
Mainland_China_Liaoning,117,2020-02-13
Mainland_China_Liaoning,119,2020-02-14
Mainland_China_Liaoning,119,2020-02-15
Mainland_China_Liaoning,121,2020-02-16
Mainland_China_Liaoning,121,2020-02-17
Mainland_China_Liaoning,121,2020-02-18
Mainland_China_Liaoning,121,2020-02-19
Mainland_China_Ningxia,1,2020-01-22
Mainland_China_Ningxia,1,2020-01-23
Mainland_China_Ningxia,2,2020-01-24
Mainland_China_Ningxia,3,2020-01-25
Mainland_China_Ningxia,4,2020-01-26
Mainland_China_Ningxia,7,2020-01-27
Mainland_China_Ningxia,11,2020-01-28
Mainland_China_Ningxia,12,2020-01-29
Mainland_China_Ningxia,17,2020-01-30
Mainland_China_Ningxia,21,2020-01-31
Mainland_China_Ningxia,26,2020-02-01
Mainland_China_Ningxia,28,2020-02-02
Mainland_China_Ningxia,31,2020-02-03
Mainland_China_Ningxia,34,2020-02-04
Mainland_China_Ningxia,34,2020-02-05
Mainland_China_Ningxia,40,2020-02-06
Mainland_China_Ningxia,43,2020-02-07
Mainland_China_Ningxia,45,2020-02-08
Mainland_China_Ningxia,45,2020-02-09
Mainland_China_Ningxia,49,2020-02-10
Mainland_China_Ningxia,53,2020-02-11
Mainland_China_Ningxia,58,2020-02-12
Mainland_China_Ningxia,64,2020-02-13
Mainland_China_Ningxia,67,2020-02-14
Mainland_China_Ningxia,70,2020-02-15
Mainland_China_Ningxia,70,2020-02-16
Mainland_China_Ningxia,70,2020-02-17
Mainland_China_Ningxia,70,2020-02-18
Mainland_China_Ningxia,71,2020-02-19
Mainland_China_Qinghai,0,2020-01-22
Mainland_China_Qinghai,0,2020-01-23
Mainland_China_Qinghai,0,2020-01-24
Mainland_China_Qinghai,1,2020-01-25
Mainland_China_Qinghai,1,2020-01-26
Mainland_China_Qinghai,6,2020-01-27
Mainland_China_Qinghai,6,2020-01-28
Mainland_China_Qinghai,6,2020-01-29
Mainland_China_Qinghai,8,2020-01-30
Mainland_China_Qinghai,8,2020-01-31
Mainland_China_Qinghai,9,2020-02-01
Mainland_China_Qinghai,11,2020-02-02
Mainland_China_Qinghai,13,2020-02-03
Mainland_China_Qinghai,15,2020-02-04
Mainland_China_Qinghai,17,2020-02-05
Mainland_China_Qinghai,18,2020-02-06
Mainland_China_Qinghai,18,2020-02-07
Mainland_China_Qinghai,18,2020-02-08
Mainland_China_Qinghai,18,2020-02-09
Mainland_China_Qinghai,18,2020-02-10
Mainland_China_Qinghai,18,2020-02-11
Mainland_China_Qinghai,18,2020-02-12
Mainland_China_Qinghai,18,2020-02-13
Mainland_China_Qinghai,18,2020-02-14
Mainland_China_Qinghai,18,2020-02-15
Mainland_China_Qinghai,18,2020-02-16
Mainland_China_Qinghai,18,2020-02-17
Mainland_China_Qinghai,18,2020-02-18
Mainland_China_Qinghai,18,2020-02-19
Mainland_China_Shaanxi,0,2020-01-22
Mainland_China_Shaanxi,3,2020-01-23
Mainland_China_Shaanxi,5,2020-01-24
Mainland_China_Shaanxi,15,2020-01-25
Mainland_China_Shaanxi,22,2020-01-26
Mainland_China_Shaanxi,35,2020-01-27
Mainland_China_Shaanxi,46,2020-01-28
Mainland_China_Shaanxi,56,2020-01-29
Mainland_China_Shaanxi,63,2020-01-30
Mainland_China_Shaanxi,87,2020-01-31
Mainland_China_Shaanxi,101,2020-02-01
Mainland_China_Shaanxi,116,2020-02-02
Mainland_China_Shaanxi,128,2020-02-03
Mainland_China_Shaanxi,142,2020-02-04
Mainland_China_Shaanxi,165,2020-02-05
Mainland_China_Shaanxi,173,2020-02-06
Mainland_China_Shaanxi,184,2020-02-07
Mainland_China_Shaanxi,195,2020-02-08
Mainland_China_Shaanxi,208,2020-02-09
Mainland_China_Shaanxi,213,2020-02-10
Mainland_China_Shaanxi,219,2020-02-11
Mainland_China_Shaanxi,225,2020-02-12
Mainland_China_Shaanxi,229,2020-02-13
Mainland_China_Shaanxi,230,2020-02-14
Mainland_China_Shaanxi,232,2020-02-15
Mainland_China_Shaanxi,236,2020-02-16
Mainland_China_Shaanxi,240,2020-02-17
Mainland_China_Shaanxi,240,2020-02-18
Mainland_China_Shaanxi,242,2020-02-19
Mainland_China_Shandong,2,2020-01-22
Mainland_China_Shandong,6,2020-01-23
Mainland_China_Shandong,15,2020-01-24
Mainland_China_Shandong,27,2020-01-25
Mainland_China_Shandong,46,2020-01-26
Mainland_China_Shandong,75,2020-01-27
Mainland_China_Shandong,95,2020-01-28
Mainland_China_Shandong,130,2020-01-29
Mainland_China_Shandong,158,2020-01-30
Mainland_China_Shandong,184,2020-01-31
Mainland_China_Shandong,206,2020-02-01
Mainland_China_Shandong,230,2020-02-02
Mainland_China_Shandong,259,2020-02-03
Mainland_China_Shandong,275,2020-02-04
Mainland_China_Shandong,307,2020-02-05
Mainland_China_Shandong,347,2020-02-06
Mainland_China_Shandong,386,2020-02-07
Mainland_China_Shandong,416,2020-02-08
Mainland_China_Shandong,444,2020-02-09
Mainland_China_Shandong,466,2020-02-10
Mainland_China_Shandong,487,2020-02-11
Mainland_China_Shandong,497,2020-02-12
Mainland_China_Shandong,509,2020-02-13
Mainland_China_Shandong,523,2020-02-14
Mainland_China_Shandong,532,2020-02-15
Mainland_China_Shandong,537,2020-02-16
Mainland_China_Shandong,541,2020-02-17
Mainland_China_Shandong,543,2020-02-18
Mainland_China_Shandong,544,2020-02-19
Mainland_China_Shanghai,9,2020-01-22
Mainland_China_Shanghai,16,2020-01-23
Mainland_China_Shanghai,20,2020-01-24
Mainland_China_Shanghai,33,2020-01-25
Mainland_China_Shanghai,40,2020-01-26
Mainland_China_Shanghai,53,2020-01-27
Mainland_China_Shanghai,66,2020-01-28
Mainland_China_Shanghai,96,2020-01-29
Mainland_China_Shanghai,112,2020-01-30
Mainland_China_Shanghai,135,2020-01-31
Mainland_China_Shanghai,169,2020-02-01
Mainland_China_Shanghai,182,2020-02-02
Mainland_China_Shanghai,203,2020-02-03
Mainland_China_Shanghai,219,2020-02-04
Mainland_China_Shanghai,243,2020-02-05
Mainland_China_Shanghai,257,2020-02-06
Mainland_China_Shanghai,277,2020-02-07
Mainland_China_Shanghai,286,2020-02-08
Mainland_China_Shanghai,293,2020-02-09
Mainland_China_Shanghai,299,2020-02-10
Mainland_China_Shanghai,303,2020-02-11
Mainland_China_Shanghai,311,2020-02-12
Mainland_China_Shanghai,315,2020-02-13
Mainland_China_Shanghai,318,2020-02-14
Mainland_China_Shanghai,326,2020-02-15
Mainland_China_Shanghai,328,2020-02-16
Mainland_China_Shanghai,333,2020-02-17
Mainland_China_Shanghai,333,2020-02-18
Mainland_China_Shanghai,333,2020-02-19
Mainland_China_Shanxi,1,2020-01-22
Mainland_China_Shanxi,1,2020-01-23
Mainland_China_Shanxi,1,2020-01-24
Mainland_China_Shanxi,6,2020-01-25
Mainland_China_Shanxi,9,2020-01-26
Mainland_China_Shanxi,13,2020-01-27
Mainland_China_Shanxi,27,2020-01-28
Mainland_China_Shanxi,27,2020-01-29
Mainland_China_Shanxi,35,2020-01-30
Mainland_China_Shanxi,39,2020-01-31
Mainland_China_Shanxi,47,2020-02-01
Mainland_China_Shanxi,66,2020-02-02
Mainland_China_Shanxi,74,2020-02-03
Mainland_China_Shanxi,81,2020-02-04
Mainland_China_Shanxi,81,2020-02-05
Mainland_China_Shanxi,96,2020-02-06
Mainland_China_Shanxi,104,2020-02-07
Mainland_China_Shanxi,115,2020-02-08
Mainland_China_Shanxi,119,2020-02-09
Mainland_China_Shanxi,119,2020-02-10
Mainland_China_Shanxi,124,2020-02-11
Mainland_China_Shanxi,126,2020-02-12
Mainland_China_Shanxi,126,2020-02-13
Mainland_China_Shanxi,127,2020-02-14
Mainland_China_Shanxi,128,2020-02-15
Mainland_China_Shanxi,129,2020-02-16
Mainland_China_Shanxi,130,2020-02-17
Mainland_China_Shanxi,131,2020-02-18
Mainland_China_Shanxi,131,2020-02-19
Mainland_China_Sichuan,5,2020-01-22
Mainland_China_Sichuan,8,2020-01-23
Mainland_China_Sichuan,15,2020-01-24
Mainland_China_Sichuan,28,2020-01-25
Mainland_China_Sichuan,44,2020-01-26
Mainland_China_Sichuan,69,2020-01-27
Mainland_China_Sichuan,90,2020-01-28
Mainland_China_Sichuan,108,2020-01-29
Mainland_China_Sichuan,142,2020-01-30
Mainland_China_Sichuan,177,2020-01-31
Mainland_China_Sichuan,207,2020-02-01
Mainland_China_Sichuan,231,2020-02-02
Mainland_China_Sichuan,254,2020-02-03
Mainland_China_Sichuan,282,2020-02-04
Mainland_China_Sichuan,301,2020-02-05
Mainland_China_Sichuan,321,2020-02-06
Mainland_China_Sichuan,344,2020-02-07
Mainland_China_Sichuan,364,2020-02-08
Mainland_China_Sichuan,386,2020-02-09
Mainland_China_Sichuan,405,2020-02-10
Mainland_China_Sichuan,417,2020-02-11
Mainland_China_Sichuan,436,2020-02-12
Mainland_China_Sichuan,451,2020-02-13
Mainland_China_Sichuan,463,2020-02-14
Mainland_China_Sichuan,470,2020-02-15
Mainland_China_Sichuan,481,2020-02-16
Mainland_China_Sichuan,495,2020-02-17
Mainland_China_Sichuan,508,2020-02-18
Mainland_China_Sichuan,514,2020-02-19
Mainland_China_Tianjin,4,2020-01-22
Mainland_China_Tianjin,4,2020-01-23
Mainland_China_Tianjin,8,2020-01-24
Mainland_China_Tianjin,10,2020-01-25
Mainland_China_Tianjin,14,2020-01-26
Mainland_China_Tianjin,23,2020-01-27
Mainland_China_Tianjin,24,2020-01-28
Mainland_China_Tianjin,27,2020-01-29
Mainland_China_Tianjin,31,2020-01-30
Mainland_China_Tianjin,32,2020-01-31
Mainland_China_Tianjin,41,2020-02-01
Mainland_China_Tianjin,48,2020-02-02
Mainland_China_Tianjin,60,2020-02-03
Mainland_China_Tianjin,67,2020-02-04
Mainland_China_Tianjin,69,2020-02-05
Mainland_China_Tianjin,79,2020-02-06
Mainland_China_Tianjin,81,2020-02-07
Mainland_China_Tianjin,88,2020-02-08
Mainland_China_Tianjin,91,2020-02-09
Mainland_China_Tianjin,95,2020-02-10
Mainland_China_Tianjin,106,2020-02-11
Mainland_China_Tianjin,112,2020-02-12
Mainland_China_Tianjin,119,2020-02-13
Mainland_China_Tianjin,120,2020-02-14
Mainland_China_Tianjin,122,2020-02-15
Mainland_China_Tianjin,124,2020-02-16
Mainland_China_Tianjin,125,2020-02-17
Mainland_China_Tianjin,128,2020-02-18
Mainland_China_Tianjin,130,2020-02-19
Mainland_China_Tibet,0,2020-01-22
Mainland_China_Tibet,0,2020-01-23
Mainland_China_Tibet,0,2020-01-24
Mainland_China_Tibet,0,2020-01-25
Mainland_China_Tibet,0,2020-01-26
Mainland_China_Tibet,0,2020-01-27
Mainland_China_Tibet,0,2020-01-28
Mainland_China_Tibet,0,2020-01-29
Mainland_China_Tibet,1,2020-01-30
Mainland_China_Tibet,1,2020-01-31
Mainland_China_Tibet,1,2020-02-01
Mainland_China_Tibet,1,2020-02-02
Mainland_China_Tibet,1,2020-02-03
Mainland_China_Tibet,1,2020-02-04
Mainland_China_Tibet,1,2020-02-05
Mainland_China_Tibet,1,2020-02-06
Mainland_China_Tibet,1,2020-02-07
Mainland_China_Tibet,1,2020-02-08
Mainland_China_Tibet,1,2020-02-09
Mainland_China_Tibet,1,2020-02-10
Mainland_China_Tibet,1,2020-02-11
Mainland_China_Tibet,1,2020-02-12
Mainland_China_Tibet,1,2020-02-13
Mainland_China_Tibet,1,2020-02-14
Mainland_China_Tibet,1,2020-02-15
Mainland_China_Tibet,1,2020-02-16
Mainland_China_Tibet,1,2020-02-17
Mainland_China_Tibet,1,2020-02-18
Mainland_China_Tibet,1,2020-02-19
Mainland_China_Xinjiang,0,2020-01-22
Mainland_China_Xinjiang,2,2020-01-23
Mainland_China_Xinjiang,2,2020-01-24
Mainland_China_Xinjiang,3,2020-01-25
Mainland_China_Xinjiang,4,2020-01-26
Mainland_China_Xinjiang,5,2020-01-27
Mainland_China_Xinjiang,10,2020-01-28
Mainland_China_Xinjiang,13,2020-01-29
Mainland_China_Xinjiang,14,2020-01-30
Mainland_China_Xinjiang,17,2020-01-31
Mainland_China_Xinjiang,18,2020-02-01
Mainland_China_Xinjiang,21,2020-02-02
Mainland_China_Xinjiang,24,2020-02-03
Mainland_China_Xinjiang,29,2020-02-04
Mainland_China_Xinjiang,32,2020-02-05
Mainland_China_Xinjiang,36,2020-02-06
Mainland_China_Xinjiang,39,2020-02-07
Mainland_China_Xinjiang,42,2020-02-08
Mainland_China_Xinjiang,45,2020-02-09
Mainland_China_Xinjiang,49,2020-02-10
Mainland_China_Xinjiang,55,2020-02-11
Mainland_China_Xinjiang,59,2020-02-12
Mainland_China_Xinjiang,63,2020-02-13
Mainland_China_Xinjiang,65,2020-02-14
Mainland_China_Xinjiang,70,2020-02-15
Mainland_China_Xinjiang,71,2020-02-16
Mainland_China_Xinjiang,75,2020-02-17
Mainland_China_Xinjiang,76,2020-02-18
Mainland_China_Xinjiang,76,2020-02-19
Mainland_China_Yunnan,1,2020-01-22
Mainland_China_Yunnan,2,2020-01-23
Mainland_China_Yunnan,5,2020-01-24
Mainland_China_Yunnan,11,2020-01-25
Mainland_China_Yunnan,16,2020-01-26
Mainland_China_Yunnan,26,2020-01-27
Mainland_China_Yunnan,44,2020-01-28
Mainland_China_Yunnan,55,2020-01-29
Mainland_China_Yunnan,70,2020-01-30
Mainland_China_Yunnan,83,2020-01-31
Mainland_China_Yunnan,93,2020-02-01
Mainland_China_Yunnan,105,2020-02-02
Mainland_China_Yunnan,117,2020-02-03
Mainland_China_Yunnan,122,2020-02-04
Mainland_China_Yunnan,128,2020-02-05
Mainland_China_Yunnan,133,2020-02-06
Mainland_China_Yunnan,138,2020-02-07
Mainland_China_Yunnan,138,2020-02-08
Mainland_China_Yunnan,141,2020-02-09
Mainland_China_Yunnan,149,2020-02-10
Mainland_China_Yunnan,153,2020-02-11
Mainland_China_Yunnan,154,2020-02-12
Mainland_China_Yunnan,156,2020-02-13
Mainland_China_Yunnan,162,2020-02-14
Mainland_China_Yunnan,168,2020-02-15
Mainland_China_Yunnan,171,2020-02-16
Mainland_China_Yunnan,171,2020-02-17
Mainland_China_Yunnan,172,2020-02-18
Mainland_China_Yunnan,172,2020-02-19
Mainland_China_Zhejiang,10,2020-01-22
Mainland_China_Zhejiang,27,2020-01-23
Mainland_China_Zhejiang,43,2020-01-24
Mainland_China_Zhejiang,62,2020-01-25
Mainland_China_Zhejiang,104,2020-01-26
Mainland_China_Zhejiang,128,2020-01-27
Mainland_China_Zhejiang,173,2020-01-28
Mainland_China_Zhejiang,296,2020-01-29
Mainland_China_Zhejiang,428,2020-01-30
Mainland_China_Zhejiang,538,2020-01-31
Mainland_China_Zhejiang,599,2020-02-01
Mainland_China_Zhejiang,661,2020-02-02
Mainland_China_Zhejiang,724,2020-02-03
Mainland_China_Zhejiang,829,2020-02-04
Mainland_China_Zhejiang,895,2020-02-05
Mainland_China_Zhejiang,954,2020-02-06
Mainland_China_Zhejiang,1006,2020-02-07
Mainland_China_Zhejiang,1048,2020-02-08
Mainland_China_Zhejiang,1075,2020-02-09
Mainland_China_Zhejiang,1092,2020-02-10
Mainland_China_Zhejiang,1117,2020-02-11
Mainland_China_Zhejiang,1131,2020-02-12
Mainland_China_Zhejiang,1145,2020-02-13
Mainland_China_Zhejiang,1155,2020-02-14
Mainland_China_Zhejiang,1162,2020-02-15
Mainland_China_Zhejiang,1167,2020-02-16
Mainland_China_Zhejiang,1171,2020-02-17
Mainland_China_Zhejiang,1172,2020-02-18
Mainland_China_Zhejiang,1174,2020-02-19
Thailand_nan,2,2020-01-22
Thailand_nan,3,2020-01-23
Thailand_nan,5,2020-01-24
Thailand_nan,7,2020-01-25
Thailand_nan,8,2020-01-26
Thailand_nan,8,2020-01-27
Thailand_nan,14,2020-01-28
Thailand_nan,14,2020-01-29
Thailand_nan,14,2020-01-30
Thailand_nan,19,2020-01-31
Thailand_nan,19,2020-02-01
Thailand_nan,19,2020-02-02
Thailand_nan,19,2020-02-03
Thailand_nan,25,2020-02-04
Thailand_nan,25,2020-02-05
Thailand_nan,25,2020-02-06
Thailand_nan,25,2020-02-07
Thailand_nan,32,2020-02-08
Thailand_nan,32,2020-02-09
Thailand_nan,32,2020-02-10
Thailand_nan,33,2020-02-11
Thailand_nan,33,2020-02-12
Thailand_nan,33,2020-02-13
Thailand_nan,33,2020-02-14
Thailand_nan,33,2020-02-15
Thailand_nan,34,2020-02-16
Thailand_nan,35,2020-02-17
Thailand_nan,35,2020-02-18
Thailand_nan,35,2020-02-19
Japan_nan,2,2020-01-22
Japan_nan,1,2020-01-23
Japan_nan,2,2020-01-24
Japan_nan,2,2020-01-25
Japan_nan,4,2020-01-26
Japan_nan,4,2020-01-27
Japan_nan,7,2020-01-28
Japan_nan,7,2020-01-29
Japan_nan,11,2020-01-30
Japan_nan,15,2020-01-31
Japan_nan,20,2020-02-01
Japan_nan,20,2020-02-02
Japan_nan,20,2020-02-03
Japan_nan,22,2020-02-04
Japan_nan,22,2020-02-05
Japan_nan,45,2020-02-06
Japan_nan,25,2020-02-07
Japan_nan,25,2020-02-08
Japan_nan,26,2020-02-09
Japan_nan,26,2020-02-10
Japan_nan,26,2020-02-11
Japan_nan,28,2020-02-12
Japan_nan,28,2020-02-13
Japan_nan,29,2020-02-14
Japan_nan,43,2020-02-15
Japan_nan,59,2020-02-16
Japan_nan,66,2020-02-17
Japan_nan,74,2020-02-18
Japan_nan,84,2020-02-19
South_Korea_nan,1,2020-01-22
South_Korea_nan,1,2020-01-23
South_Korea_nan,2,2020-01-24
South_Korea_nan,2,2020-01-25
South_Korea_nan,3,2020-01-26
South_Korea_nan,4,2020-01-27
South_Korea_nan,4,2020-01-28
South_Korea_nan,4,2020-01-29
South_Korea_nan,4,2020-01-30
South_Korea_nan,11,2020-01-31
South_Korea_nan,12,2020-02-01
South_Korea_nan,15,2020-02-02
South_Korea_nan,15,2020-02-03
South_Korea_nan,16,2020-02-04
South_Korea_nan,19,2020-02-05
South_Korea_nan,23,2020-02-06
South_Korea_nan,24,2020-02-07
South_Korea_nan,24,2020-02-08
South_Korea_nan,25,2020-02-09
South_Korea_nan,27,2020-02-10
South_Korea_nan,28,2020-02-11
South_Korea_nan,28,2020-02-12
South_Korea_nan,28,2020-02-13
South_Korea_nan,28,2020-02-14
South_Korea_nan,28,2020-02-15
South_Korea_nan,29,2020-02-16
South_Korea_nan,30,2020-02-17
South_Korea_nan,31,2020-02-18
South_Korea_nan,31,2020-02-19
Taiwan_Taiwan,1,2020-01-22
Taiwan_Taiwan,1,2020-01-23
Taiwan_Taiwan,3,2020-01-24
Taiwan_Taiwan,3,2020-01-25
Taiwan_Taiwan,4,2020-01-26
Taiwan_Taiwan,5,2020-01-27
Taiwan_Taiwan,8,2020-01-28
Taiwan_Taiwan,8,2020-01-29
Taiwan_Taiwan,9,2020-01-30
Taiwan_Taiwan,10,2020-01-31
Taiwan_Taiwan,10,2020-02-01
Taiwan_Taiwan,10,2020-02-02
Taiwan_Taiwan,10,2020-02-03
Taiwan_Taiwan,11,2020-02-04
Taiwan_Taiwan,11,2020-02-05
Taiwan_Taiwan,16,2020-02-06
Taiwan_Taiwan,16,2020-02-07
Taiwan_Taiwan,17,2020-02-08
Taiwan_Taiwan,18,2020-02-09
Taiwan_Taiwan,18,2020-02-10
Taiwan_Taiwan,18,2020-02-11
Taiwan_Taiwan,18,2020-02-12
Taiwan_Taiwan,18,2020-02-13
Taiwan_Taiwan,18,2020-02-14
Taiwan_Taiwan,18,2020-02-15
Taiwan_Taiwan,20,2020-02-16
Taiwan_Taiwan,22,2020-02-17
Taiwan_Taiwan,22,2020-02-18
Taiwan_Taiwan,23,2020-02-19
US_Seattle__WA,1,2020-01-22
US_Seattle__WA,1,2020-01-23
US_Seattle__WA,1,2020-01-24
US_Seattle__WA,1,2020-01-25
US_Seattle__WA,1,2020-01-26
US_Seattle__WA,1,2020-01-27
US_Seattle__WA,1,2020-01-28
US_Seattle__WA,1,2020-01-29
US_Seattle__WA,1,2020-01-30
US_Seattle__WA,1,2020-01-31
US_Seattle__WA,1,2020-02-01
US_Seattle__WA,1,2020-02-02
US_Seattle__WA,1,2020-02-03
US_Seattle__WA,1,2020-02-04
US_Seattle__WA,1,2020-02-05
US_Seattle__WA,1,2020-02-06
US_Seattle__WA,1,2020-02-07
US_Seattle__WA,1,2020-02-08
US_Seattle__WA,1,2020-02-09
US_Seattle__WA,1,2020-02-10
US_Seattle__WA,1,2020-02-11
US_Seattle__WA,1,2020-02-12
US_Seattle__WA,1,2020-02-13
US_Seattle__WA,1,2020-02-14
US_Seattle__WA,1,2020-02-15
US_Seattle__WA,1,2020-02-16
US_Seattle__WA,1,2020-02-17
US_Seattle__WA,1,2020-02-18
US_Seattle__WA,1,2020-02-19
US_Chicago__IL,0,2020-01-22
US_Chicago__IL,0,2020-01-23
US_Chicago__IL,1,2020-01-24
US_Chicago__IL,1,2020-01-25
US_Chicago__IL,1,2020-01-26
US_Chicago__IL,1,2020-01-27
US_Chicago__IL,1,2020-01-28
US_Chicago__IL,1,2020-01-29
US_Chicago__IL,1,2020-01-30
US_Chicago__IL,2,2020-01-31
US_Chicago__IL,2,2020-02-01
US_Chicago__IL,2,2020-02-02
US_Chicago__IL,2,2020-02-03
US_Chicago__IL,2,2020-02-04
US_Chicago__IL,2,2020-02-05
US_Chicago__IL,2,2020-02-06
US_Chicago__IL,2,2020-02-07
US_Chicago__IL,2,2020-02-08
US_Chicago__IL,2,2020-02-09
US_Chicago__IL,2,2020-02-10
US_Chicago__IL,2,2020-02-11
US_Chicago__IL,2,2020-02-12
US_Chicago__IL,2,2020-02-13
US_Chicago__IL,2,2020-02-14
US_Chicago__IL,2,2020-02-15
US_Chicago__IL,2,2020-02-16
US_Chicago__IL,2,2020-02-17
US_Chicago__IL,2,2020-02-18
US_Chicago__IL,2,2020-02-19
US_Tempe__AZ,0,2020-01-22
US_Tempe__AZ,0,2020-01-23
US_Tempe__AZ,0,2020-01-24
US_Tempe__AZ,0,2020-01-25
US_Tempe__AZ,1,2020-01-26
US_Tempe__AZ,1,2020-01-27
US_Tempe__AZ,1,2020-01-28
US_Tempe__AZ,1,2020-01-29
US_Tempe__AZ,1,2020-01-30
US_Tempe__AZ,1,2020-01-31
US_Tempe__AZ,1,2020-02-01
US_Tempe__AZ,1,2020-02-02
US_Tempe__AZ,1,2020-02-03
US_Tempe__AZ,1,2020-02-04
US_Tempe__AZ,1,2020-02-05
US_Tempe__AZ,1,2020-02-06
US_Tempe__AZ,1,2020-02-07
US_Tempe__AZ,1,2020-02-08
US_Tempe__AZ,1,2020-02-09
US_Tempe__AZ,1,2020-02-10
US_Tempe__AZ,1,2020-02-11
US_Tempe__AZ,1,2020-02-12
US_Tempe__AZ,1,2020-02-13
US_Tempe__AZ,1,2020-02-14
US_Tempe__AZ,1,2020-02-15
US_Tempe__AZ,1,2020-02-16
US_Tempe__AZ,1,2020-02-17
US_Tempe__AZ,1,2020-02-18
US_Tempe__AZ,1,2020-02-19
Macau_Macau,1,2020-01-22
Macau_Macau,2,2020-01-23
Macau_Macau,2,2020-01-24
Macau_Macau,2,2020-01-25
Macau_Macau,5,2020-01-26
Macau_Macau,6,2020-01-27
Macau_Macau,7,2020-01-28
Macau_Macau,7,2020-01-29
Macau_Macau,7,2020-01-30
Macau_Macau,7,2020-01-31
Macau_Macau,7,2020-02-01
Macau_Macau,8,2020-02-02
Macau_Macau,8,2020-02-03
Macau_Macau,10,2020-02-04
Macau_Macau,10,2020-02-05
Macau_Macau,10,2020-02-06
Macau_Macau,10,2020-02-07
Macau_Macau,10,2020-02-08
Macau_Macau,10,2020-02-09
Macau_Macau,10,2020-02-10
Macau_Macau,10,2020-02-11
Macau_Macau,10,2020-02-12
Macau_Macau,10,2020-02-13
Macau_Macau,10,2020-02-14
Macau_Macau,10,2020-02-15
Macau_Macau,10,2020-02-16
Macau_Macau,10,2020-02-17
Macau_Macau,10,2020-02-18
Macau_Macau,10,2020-02-19
Hong_Kong_Hong_Kong,0,2020-01-22
Hong_Kong_Hong_Kong,2,2020-01-23
Hong_Kong_Hong_Kong,2,2020-01-24
Hong_Kong_Hong_Kong,5,2020-01-25
Hong_Kong_Hong_Kong,8,2020-01-26
Hong_Kong_Hong_Kong,8,2020-01-27
Hong_Kong_Hong_Kong,8,2020-01-28
Hong_Kong_Hong_Kong,10,2020-01-29
Hong_Kong_Hong_Kong,10,2020-01-30
Hong_Kong_Hong_Kong,12,2020-01-31
Hong_Kong_Hong_Kong,13,2020-02-01
Hong_Kong_Hong_Kong,15,2020-02-02
Hong_Kong_Hong_Kong,15,2020-02-03
Hong_Kong_Hong_Kong,17,2020-02-04
Hong_Kong_Hong_Kong,21,2020-02-05
Hong_Kong_Hong_Kong,24,2020-02-06
Hong_Kong_Hong_Kong,25,2020-02-07
Hong_Kong_Hong_Kong,26,2020-02-08
Hong_Kong_Hong_Kong,29,2020-02-09
Hong_Kong_Hong_Kong,38,2020-02-10
Hong_Kong_Hong_Kong,49,2020-02-11
Hong_Kong_Hong_Kong,50,2020-02-12
Hong_Kong_Hong_Kong,53,2020-02-13
Hong_Kong_Hong_Kong,56,2020-02-14
Hong_Kong_Hong_Kong,56,2020-02-15
Hong_Kong_Hong_Kong,57,2020-02-16
Hong_Kong_Hong_Kong,60,2020-02-17
Hong_Kong_Hong_Kong,62,2020-02-18
Hong_Kong_Hong_Kong,63,2020-02-19
Singapore_nan,0,2020-01-22
Singapore_nan,1,2020-01-23
Singapore_nan,3,2020-01-24
Singapore_nan,3,2020-01-25
Singapore_nan,4,2020-01-26
Singapore_nan,5,2020-01-27
Singapore_nan,7,2020-01-28
Singapore_nan,7,2020-01-29
Singapore_nan,10,2020-01-30
Singapore_nan,13,2020-01-31
Singapore_nan,16,2020-02-01
Singapore_nan,18,2020-02-02
Singapore_nan,18,2020-02-03
Singapore_nan,24,2020-02-04
Singapore_nan,28,2020-02-05
Singapore_nan,28,2020-02-06
Singapore_nan,30,2020-02-07
Singapore_nan,33,2020-02-08
Singapore_nan,40,2020-02-09
Singapore_nan,45,2020-02-10
Singapore_nan,47,2020-02-11
Singapore_nan,50,2020-02-12
Singapore_nan,58,2020-02-13
Singapore_nan,67,2020-02-14
Singapore_nan,72,2020-02-15
Singapore_nan,75,2020-02-16
Singapore_nan,77,2020-02-17
Singapore_nan,81,2020-02-18
Singapore_nan,84,2020-02-19
Vietnam_nan,0,2020-01-22
Vietnam_nan,2,2020-01-23
Vietnam_nan,2,2020-01-24
Vietnam_nan,2,2020-01-25
Vietnam_nan,2,2020-01-26
Vietnam_nan,2,2020-01-27
Vietnam_nan,2,2020-01-28
Vietnam_nan,2,2020-01-29
Vietnam_nan,2,2020-01-30
Vietnam_nan,2,2020-01-31
Vietnam_nan,6,2020-02-01
Vietnam_nan,6,2020-02-02
Vietnam_nan,8,2020-02-03
Vietnam_nan,8,2020-02-04
Vietnam_nan,8,2020-02-05
Vietnam_nan,10,2020-02-06
Vietnam_nan,10,2020-02-07
Vietnam_nan,13,2020-02-08
Vietnam_nan,13,2020-02-09
Vietnam_nan,14,2020-02-10
Vietnam_nan,15,2020-02-11
Vietnam_nan,15,2020-02-12
Vietnam_nan,16,2020-02-13
Vietnam_nan,16,2020-02-14
Vietnam_nan,16,2020-02-15
Vietnam_nan,16,2020-02-16
Vietnam_nan,16,2020-02-17
Vietnam_nan,16,2020-02-18
Vietnam_nan,16,2020-02-19
France_nan,0,2020-01-22
France_nan,0,2020-01-23
France_nan,2,2020-01-24
France_nan,3,2020-01-25
France_nan,3,2020-01-26
France_nan,3,2020-01-27
France_nan,4,2020-01-28
France_nan,5,2020-01-29
France_nan,5,2020-01-30
France_nan,5,2020-01-31
France_nan,6,2020-02-01
France_nan,6,2020-02-02
France_nan,6,2020-02-03
France_nan,6,2020-02-04
France_nan,6,2020-02-05
France_nan,6,2020-02-06
France_nan,6,2020-02-07
France_nan,11,2020-02-08
France_nan,11,2020-02-09
France_nan,11,2020-02-10
France_nan,11,2020-02-11
France_nan,11,2020-02-12
France_nan,11,2020-02-13
France_nan,11,2020-02-14
France_nan,12,2020-02-15
France_nan,12,2020-02-16
France_nan,12,2020-02-17
France_nan,12,2020-02-18
France_nan,12,2020-02-19
Nepal_nan,0,2020-01-22
Nepal_nan,0,2020-01-23
Nepal_nan,0,2020-01-24
Nepal_nan,1,2020-01-25
Nepal_nan,1,2020-01-26
Nepal_nan,1,2020-01-27
Nepal_nan,1,2020-01-28
Nepal_nan,1,2020-01-29
Nepal_nan,1,2020-01-30
Nepal_nan,1,2020-01-31
Nepal_nan,1,2020-02-01
Nepal_nan,1,2020-02-02
Nepal_nan,1,2020-02-03
Nepal_nan,1,2020-02-04
Nepal_nan,1,2020-02-05
Nepal_nan,1,2020-02-06
Nepal_nan,1,2020-02-07
Nepal_nan,1,2020-02-08
Nepal_nan,1,2020-02-09
Nepal_nan,1,2020-02-10
Nepal_nan,1,2020-02-11
Nepal_nan,1,2020-02-12
Nepal_nan,1,2020-02-13
Nepal_nan,1,2020-02-14
Nepal_nan,1,2020-02-15
Nepal_nan,1,2020-02-16
Nepal_nan,1,2020-02-17
Nepal_nan,1,2020-02-18
Nepal_nan,1,2020-02-19
Malaysia_nan,0,2020-01-22
Malaysia_nan,0,2020-01-23
Malaysia_nan,0,2020-01-24
Malaysia_nan,3,2020-01-25
Malaysia_nan,4,2020-01-26
Malaysia_nan,4,2020-01-27
Malaysia_nan,4,2020-01-28
Malaysia_nan,7,2020-01-29
Malaysia_nan,8,2020-01-30
Malaysia_nan,8,2020-01-31
Malaysia_nan,8,2020-02-01
Malaysia_nan,8,2020-02-02
Malaysia_nan,8,2020-02-03
Malaysia_nan,10,2020-02-04
Malaysia_nan,12,2020-02-05
Malaysia_nan,12,2020-02-06
Malaysia_nan,12,2020-02-07
Malaysia_nan,16,2020-02-08
Malaysia_nan,16,2020-02-09
Malaysia_nan,18,2020-02-10
Malaysia_nan,18,2020-02-11
Malaysia_nan,18,2020-02-12
Malaysia_nan,19,2020-02-13
Malaysia_nan,19,2020-02-14
Malaysia_nan,22,2020-02-15
Malaysia_nan,22,2020-02-16
Malaysia_nan,22,2020-02-17
Malaysia_nan,22,2020-02-18
Malaysia_nan,22,2020-02-19
Canada_Toronto__ON,0,2020-01-22
Canada_Toronto__ON,0,2020-01-23
Canada_Toronto__ON,0,2020-01-24
Canada_Toronto__ON,0,2020-01-25
Canada_Toronto__ON,1,2020-01-26
Canada_Toronto__ON,1,2020-01-27
Canada_Toronto__ON,1,2020-01-28
Canada_Toronto__ON,1,2020-01-29
Canada_Toronto__ON,1,2020-01-30
Canada_Toronto__ON,2,2020-01-31
Canada_Toronto__ON,2,2020-02-01
Canada_Toronto__ON,2,2020-02-02
Canada_Toronto__ON,2,2020-02-03
Canada_Toronto__ON,2,2020-02-04
Canada_Toronto__ON,2,2020-02-05
Canada_Toronto__ON,2,2020-02-06
Canada_Toronto__ON,2,2020-02-07
Canada_Toronto__ON,2,2020-02-08
Canada_Toronto__ON,2,2020-02-09
Canada_Toronto__ON,2,2020-02-10
Canada_Toronto__ON,2,2020-02-11
Canada_Toronto__ON,2,2020-02-12
Canada_Toronto__ON,2,2020-02-13
Canada_Toronto__ON,2,2020-02-14
Canada_Toronto__ON,2,2020-02-15
Canada_Toronto__ON,2,2020-02-16
Canada_Toronto__ON,2,2020-02-17
Canada_Toronto__ON,2,2020-02-18
Canada_Toronto__ON,2,2020-02-19
Canada_British_Columbia,0,2020-01-22
Canada_British_Columbia,0,2020-01-23
Canada_British_Columbia,0,2020-01-24
Canada_British_Columbia,0,2020-01-25
Canada_British_Columbia,0,2020-01-26
Canada_British_Columbia,0,2020-01-27
Canada_British_Columbia,1,2020-01-28
Canada_British_Columbia,1,2020-01-29
Canada_British_Columbia,1,2020-01-30
Canada_British_Columbia,1,2020-01-31
Canada_British_Columbia,1,2020-02-01
Canada_British_Columbia,1,2020-02-02
Canada_British_Columbia,1,2020-02-03
Canada_British_Columbia,1,2020-02-04
Canada_British_Columbia,2,2020-02-05
Canada_British_Columbia,2,2020-02-06
Canada_British_Columbia,4,2020-02-07
Canada_British_Columbia,4,2020-02-08
Canada_British_Columbia,4,2020-02-09
Canada_British_Columbia,4,2020-02-10
Canada_British_Columbia,4,2020-02-11
Canada_British_Columbia,4,2020-02-12
Canada_British_Columbia,4,2020-02-13
Canada_British_Columbia,4,2020-02-14
Canada_British_Columbia,4,2020-02-15
Canada_British_Columbia,4,2020-02-16
Canada_British_Columbia,5,2020-02-17
Canada_British_Columbia,5,2020-02-18
Canada_British_Columbia,5,2020-02-19
US_Orange__CA,0,2020-01-22
US_Orange__CA,0,2020-01-23
US_Orange__CA,0,2020-01-24
US_Orange__CA,0,2020-01-25
US_Orange__CA,1,2020-01-26
US_Orange__CA,1,2020-01-27
US_Orange__CA,1,2020-01-28
US_Orange__CA,1,2020-01-29
US_Orange__CA,1,2020-01-30
US_Orange__CA,1,2020-01-31
US_Orange__CA,1,2020-02-01
US_Orange__CA,1,2020-02-02
US_Orange__CA,1,2020-02-03
US_Orange__CA,1,2020-02-04
US_Orange__CA,1,2020-02-05
US_Orange__CA,1,2020-02-06
US_Orange__CA,1,2020-02-07
US_Orange__CA,1,2020-02-08
US_Orange__CA,1,2020-02-09
US_Orange__CA,1,2020-02-10
US_Orange__CA,1,2020-02-11
US_Orange__CA,1,2020-02-12
US_Orange__CA,1,2020-02-13
US_Orange__CA,1,2020-02-14
US_Orange__CA,1,2020-02-15
US_Orange__CA,1,2020-02-16
US_Orange__CA,1,2020-02-17
US_Orange__CA,1,2020-02-18
US_Orange__CA,1,2020-02-19
US_Los_Angeles__CA,0,2020-01-22
US_Los_Angeles__CA,0,2020-01-23
US_Los_Angeles__CA,0,2020-01-24
US_Los_Angeles__CA,0,2020-01-25
US_Los_Angeles__CA,1,2020-01-26
US_Los_Angeles__CA,1,2020-01-27
US_Los_Angeles__CA,1,2020-01-28
US_Los_Angeles__CA,1,2020-01-29
US_Los_Angeles__CA,1,2020-01-30
US_Los_Angeles__CA,1,2020-01-31
US_Los_Angeles__CA,1,2020-02-01
US_Los_Angeles__CA,1,2020-02-02
US_Los_Angeles__CA,1,2020-02-03
US_Los_Angeles__CA,1,2020-02-04
US_Los_Angeles__CA,1,2020-02-05
US_Los_Angeles__CA,1,2020-02-06
US_Los_Angeles__CA,1,2020-02-07
US_Los_Angeles__CA,1,2020-02-08
US_Los_Angeles__CA,1,2020-02-09
US_Los_Angeles__CA,1,2020-02-10
US_Los_Angeles__CA,1,2020-02-11
US_Los_Angeles__CA,1,2020-02-12
US_Los_Angeles__CA,1,2020-02-13
US_Los_Angeles__CA,1,2020-02-14
US_Los_Angeles__CA,1,2020-02-15
US_Los_Angeles__CA,1,2020-02-16
US_Los_Angeles__CA,1,2020-02-17
US_Los_Angeles__CA,1,2020-02-18
US_Los_Angeles__CA,1,2020-02-19
Australia_New_South_Wales,0,2020-01-22
Australia_New_South_Wales,0,2020-01-23
Australia_New_South_Wales,0,2020-01-24
Australia_New_South_Wales,0,2020-01-25
Australia_New_South_Wales,3,2020-01-26
Australia_New_South_Wales,4,2020-01-27
Australia_New_South_Wales,4,2020-01-28
Australia_New_South_Wales,4,2020-01-29
Australia_New_South_Wales,4,2020-01-30
Australia_New_South_Wales,4,2020-01-31
Australia_New_South_Wales,4,2020-02-01
Australia_New_South_Wales,4,2020-02-02
Australia_New_South_Wales,4,2020-02-03
Australia_New_South_Wales,4,2020-02-04
Australia_New_South_Wales,4,2020-02-05
Australia_New_South_Wales,4,2020-02-06
Australia_New_South_Wales,4,2020-02-07
Australia_New_South_Wales,4,2020-02-08
Australia_New_South_Wales,4,2020-02-09
Australia_New_South_Wales,4,2020-02-10
Australia_New_South_Wales,4,2020-02-11
Australia_New_South_Wales,4,2020-02-12
Australia_New_South_Wales,4,2020-02-13
Australia_New_South_Wales,4,2020-02-14
Australia_New_South_Wales,4,2020-02-15
Australia_New_South_Wales,4,2020-02-16
Australia_New_South_Wales,4,2020-02-17
Australia_New_South_Wales,4,2020-02-18
Australia_New_South_Wales,4,2020-02-19
Australia_Victoria,0,2020-01-22
Australia_Victoria,0,2020-01-23
Australia_Victoria,0,2020-01-24
Australia_Victoria,0,2020-01-25
Australia_Victoria,1,2020-01-26
Australia_Victoria,1,2020-01-27
Australia_Victoria,1,2020-01-28
Australia_Victoria,1,2020-01-29
Australia_Victoria,2,2020-01-30
Australia_Victoria,3,2020-01-31
Australia_Victoria,4,2020-02-01
Australia_Victoria,4,2020-02-02
Australia_Victoria,4,2020-02-03
Australia_Victoria,4,2020-02-04
Australia_Victoria,4,2020-02-05
Australia_Victoria,4,2020-02-06
Australia_Victoria,4,2020-02-07
Australia_Victoria,4,2020-02-08
Australia_Victoria,4,2020-02-09
Australia_Victoria,4,2020-02-10
Australia_Victoria,4,2020-02-11
Australia_Victoria,4,2020-02-12
Australia_Victoria,4,2020-02-13
Australia_Victoria,4,2020-02-14
Australia_Victoria,4,2020-02-15
Australia_Victoria,4,2020-02-16
Australia_Victoria,4,2020-02-17
Australia_Victoria,4,2020-02-18
Australia_Victoria,4,2020-02-19
Australia_Queensland,0,2020-01-22
Australia_Queensland,0,2020-01-23
Australia_Queensland,0,2020-01-24
Australia_Queensland,0,2020-01-25
Australia_Queensland,0,2020-01-26
Australia_Queensland,0,2020-01-27
Australia_Queensland,0,2020-01-28
Australia_Queensland,1,2020-01-29
Australia_Queensland,3,2020-01-30
Australia_Queensland,2,2020-01-31
Australia_Queensland,3,2020-02-01
Australia_Queensland,2,2020-02-02
Australia_Queensland,2,2020-02-03
Australia_Queensland,3,2020-02-04
Australia_Queensland,3,2020-02-05
Australia_Queensland,4,2020-02-06
Australia_Queensland,5,2020-02-07
Australia_Queensland,5,2020-02-08
Australia_Queensland,5,2020-02-09
Australia_Queensland,5,2020-02-10
Australia_Queensland,5,2020-02-11
Australia_Queensland,5,2020-02-12
Australia_Queensland,5,2020-02-13
Australia_Queensland,5,2020-02-14
Australia_Queensland,5,2020-02-15
Australia_Queensland,5,2020-02-16
Australia_Queensland,5,2020-02-17
Australia_Queensland,5,2020-02-18
Australia_Queensland,5,2020-02-19
Cambodia_nan,0,2020-01-22
Cambodia_nan,0,2020-01-23
Cambodia_nan,0,2020-01-24
Cambodia_nan,0,2020-01-25
Cambodia_nan,0,2020-01-26
Cambodia_nan,1,2020-01-27
Cambodia_nan,1,2020-01-28
Cambodia_nan,1,2020-01-29
Cambodia_nan,1,2020-01-30
Cambodia_nan,1,2020-01-31
Cambodia_nan,1,2020-02-01
Cambodia_nan,1,2020-02-02
Cambodia_nan,1,2020-02-03
Cambodia_nan,1,2020-02-04
Cambodia_nan,1,2020-02-05
Cambodia_nan,1,2020-02-06
Cambodia_nan,1,2020-02-07
Cambodia_nan,1,2020-02-08
Cambodia_nan,1,2020-02-09
Cambodia_nan,1,2020-02-10
Cambodia_nan,1,2020-02-11
Cambodia_nan,1,2020-02-12
Cambodia_nan,1,2020-02-13
Cambodia_nan,1,2020-02-14
Cambodia_nan,1,2020-02-15
Cambodia_nan,1,2020-02-16
Cambodia_nan,1,2020-02-17
Cambodia_nan,1,2020-02-18
Cambodia_nan,1,2020-02-19
Sri_Lanka_nan,0,2020-01-22
Sri_Lanka_nan,0,2020-01-23
Sri_Lanka_nan,0,2020-01-24
Sri_Lanka_nan,0,2020-01-25
Sri_Lanka_nan,0,2020-01-26
Sri_Lanka_nan,1,2020-01-27
Sri_Lanka_nan,1,2020-01-28
Sri_Lanka_nan,1,2020-01-29
Sri_Lanka_nan,1,2020-01-30
Sri_Lanka_nan,1,2020-01-31
Sri_Lanka_nan,1,2020-02-01
Sri_Lanka_nan,1,2020-02-02
Sri_Lanka_nan,1,2020-02-03
Sri_Lanka_nan,1,2020-02-04
Sri_Lanka_nan,1,2020-02-05
Sri_Lanka_nan,1,2020-02-06
Sri_Lanka_nan,1,2020-02-07
Sri_Lanka_nan,1,2020-02-08
Sri_Lanka_nan,1,2020-02-09
Sri_Lanka_nan,1,2020-02-10
Sri_Lanka_nan,1,2020-02-11
Sri_Lanka_nan,1,2020-02-12
Sri_Lanka_nan,1,2020-02-13
Sri_Lanka_nan,1,2020-02-14
Sri_Lanka_nan,1,2020-02-15
Sri_Lanka_nan,1,2020-02-16
Sri_Lanka_nan,1,2020-02-17
Sri_Lanka_nan,1,2020-02-18
Sri_Lanka_nan,1,2020-02-19
Germany_nan,0,2020-01-22
Germany_nan,0,2020-01-23
Germany_nan,0,2020-01-24
Germany_nan,0,2020-01-25
Germany_nan,0,2020-01-26
Germany_nan,1,2020-01-27
Germany_nan,4,2020-01-28
Germany_nan,4,2020-01-29
Germany_nan,4,2020-01-30
Germany_nan,5,2020-01-31
Germany_nan,8,2020-02-01
Germany_nan,10,2020-02-02
Germany_nan,12,2020-02-03
Germany_nan,12,2020-02-04
Germany_nan,12,2020-02-05
Germany_nan,12,2020-02-06
Germany_nan,13,2020-02-07
Germany_nan,13,2020-02-08
Germany_nan,14,2020-02-09
Germany_nan,14,2020-02-10
Germany_nan,16,2020-02-11
Germany_nan,16,2020-02-12
Germany_nan,16,2020-02-13
Germany_nan,16,2020-02-14
Germany_nan,16,2020-02-15
Germany_nan,16,2020-02-16
Germany_nan,16,2020-02-17
Germany_nan,16,2020-02-18
Germany_nan,16,2020-02-19
Finland_nan,0,2020-01-22
Finland_nan,0,2020-01-23
Finland_nan,0,2020-01-24
Finland_nan,0,2020-01-25
Finland_nan,0,2020-01-26
Finland_nan,0,2020-01-27
Finland_nan,0,2020-01-28
Finland_nan,1,2020-01-29
Finland_nan,1,2020-01-30
Finland_nan,1,2020-01-31
Finland_nan,1,2020-02-01
Finland_nan,1,2020-02-02
Finland_nan,1,2020-02-03
Finland_nan,1,2020-02-04
Finland_nan,1,2020-02-05
Finland_nan,1,2020-02-06
Finland_nan,1,2020-02-07
Finland_nan,1,2020-02-08
Finland_nan,1,2020-02-09
Finland_nan,1,2020-02-10
Finland_nan,1,2020-02-11
Finland_nan,1,2020-02-12
Finland_nan,1,2020-02-13
Finland_nan,1,2020-02-14
Finland_nan,1,2020-02-15
Finland_nan,1,2020-02-16
Finland_nan,1,2020-02-17
Finland_nan,1,2020-02-18
Finland_nan,1,2020-02-19
United_Arab_Emirates_nan,0,2020-01-22
United_Arab_Emirates_nan,0,2020-01-23
United_Arab_Emirates_nan,0,2020-01-24
United_Arab_Emirates_nan,0,2020-01-25
United_Arab_Emirates_nan,0,2020-01-26
United_Arab_Emirates_nan,0,2020-01-27
United_Arab_Emirates_nan,0,2020-01-28
United_Arab_Emirates_nan,4,2020-01-29
United_Arab_Emirates_nan,4,2020-01-30
United_Arab_Emirates_nan,4,2020-01-31
United_Arab_Emirates_nan,4,2020-02-01
United_Arab_Emirates_nan,5,2020-02-02
United_Arab_Emirates_nan,5,2020-02-03
United_Arab_Emirates_nan,5,2020-02-04
United_Arab_Emirates_nan,5,2020-02-05
United_Arab_Emirates_nan,5,2020-02-06
United_Arab_Emirates_nan,5,2020-02-07
United_Arab_Emirates_nan,7,2020-02-08
United_Arab_Emirates_nan,7,2020-02-09
United_Arab_Emirates_nan,8,2020-02-10
United_Arab_Emirates_nan,8,2020-02-11
United_Arab_Emirates_nan,8,2020-02-12
United_Arab_Emirates_nan,8,2020-02-13
United_Arab_Emirates_nan,8,2020-02-14
United_Arab_Emirates_nan,8,2020-02-15
United_Arab_Emirates_nan,9,2020-02-16
United_Arab_Emirates_nan,9,2020-02-17
United_Arab_Emirates_nan,9,2020-02-18
United_Arab_Emirates_nan,9,2020-02-19
Philippines_nan,0,2020-01-22
Philippines_nan,0,2020-01-23
Philippines_nan,0,2020-01-24
Philippines_nan,0,2020-01-25
Philippines_nan,0,2020-01-26
Philippines_nan,0,2020-01-27
Philippines_nan,0,2020-01-28
Philippines_nan,0,2020-01-29
Philippines_nan,1,2020-01-30
Philippines_nan,1,2020-01-31
Philippines_nan,1,2020-02-01
Philippines_nan,2,2020-02-02
Philippines_nan,2,2020-02-03
Philippines_nan,2,2020-02-04
Philippines_nan,2,2020-02-05
Philippines_nan,2,2020-02-06
Philippines_nan,3,2020-02-07
Philippines_nan,3,2020-02-08
Philippines_nan,3,2020-02-09
Philippines_nan,3,2020-02-10
Philippines_nan,3,2020-02-11
Philippines_nan,3,2020-02-12
Philippines_nan,3,2020-02-13
Philippines_nan,3,2020-02-14
Philippines_nan,3,2020-02-15
Philippines_nan,3,2020-02-16
Philippines_nan,3,2020-02-17
Philippines_nan,3,2020-02-18
Philippines_nan,3,2020-02-19
India_nan,0,2020-01-22
India_nan,0,2020-01-23
India_nan,0,2020-01-24
India_nan,0,2020-01-25
India_nan,0,2020-01-26
India_nan,0,2020-01-27
India_nan,0,2020-01-28
India_nan,0,2020-01-29
India_nan,1,2020-01-30
India_nan,1,2020-01-31
India_nan,1,2020-02-01
India_nan,2,2020-02-02
India_nan,3,2020-02-03
India_nan,3,2020-02-04
India_nan,3,2020-02-05
India_nan,3,2020-02-06
India_nan,3,2020-02-07
India_nan,3,2020-02-08
India_nan,3,2020-02-09
India_nan,3,2020-02-10
India_nan,3,2020-02-11
India_nan,3,2020-02-12
India_nan,3,2020-02-13
India_nan,3,2020-02-14
India_nan,3,2020-02-15
India_nan,3,2020-02-16
India_nan,3,2020-02-17
India_nan,3,2020-02-18
India_nan,3,2020-02-19
Canada_London__ON,0,2020-01-22
Canada_London__ON,0,2020-01-23
Canada_London__ON,0,2020-01-24
Canada_London__ON,0,2020-01-25
Canada_London__ON,0,2020-01-26
Canada_London__ON,0,2020-01-27
Canada_London__ON,0,2020-01-28
Canada_London__ON,0,2020-01-29
Canada_London__ON,0,2020-01-30
Canada_London__ON,1,2020-01-31
Canada_London__ON,1,2020-02-01
Canada_London__ON,1,2020-02-02
Canada_London__ON,1,2020-02-03
Canada_London__ON,1,2020-02-04
Canada_London__ON,1,2020-02-05
Canada_London__ON,1,2020-02-06
Canada_London__ON,1,2020-02-07
Canada_London__ON,1,2020-02-08
Canada_London__ON,1,2020-02-09
Canada_London__ON,1,2020-02-10
Canada_London__ON,1,2020-02-11
Canada_London__ON,1,2020-02-12
Canada_London__ON,1,2020-02-13
Canada_London__ON,1,2020-02-14
Canada_London__ON,1,2020-02-15
Canada_London__ON,1,2020-02-16
Canada_London__ON,1,2020-02-17
Canada_London__ON,1,2020-02-18
Canada_London__ON,1,2020-02-19
Italy_nan,0,2020-01-22
Italy_nan,0,2020-01-23
Italy_nan,0,2020-01-24
Italy_nan,0,2020-01-25
Italy_nan,0,2020-01-26
Italy_nan,0,2020-01-27
Italy_nan,0,2020-01-28
Italy_nan,0,2020-01-29
Italy_nan,0,2020-01-30
Italy_nan,2,2020-01-31
Italy_nan,2,2020-02-01
Italy_nan,2,2020-02-02
Italy_nan,2,2020-02-03
Italy_nan,2,2020-02-04
Italy_nan,2,2020-02-05
Italy_nan,2,2020-02-06
Italy_nan,3,2020-02-07
Italy_nan,3,2020-02-08
Italy_nan,3,2020-02-09
Italy_nan,3,2020-02-10
Italy_nan,3,2020-02-11
Italy_nan,3,2020-02-12
Italy_nan,3,2020-02-13
Italy_nan,3,2020-02-14
Italy_nan,3,2020-02-15
Italy_nan,3,2020-02-16
Italy_nan,3,2020-02-17
Italy_nan,3,2020-02-18
Italy_nan,3,2020-02-19
UK_nan,0,2020-01-22
UK_nan,0,2020-01-23
UK_nan,0,2020-01-24
UK_nan,0,2020-01-25
UK_nan,0,2020-01-26
UK_nan,0,2020-01-27
UK_nan,0,2020-01-28
UK_nan,0,2020-01-29
UK_nan,0,2020-01-30
UK_nan,2,2020-01-31
UK_nan,2,2020-02-01
UK_nan,2,2020-02-02
UK_nan,2,2020-02-03
UK_nan,2,2020-02-04
UK_nan,2,2020-02-05
UK_nan,2,2020-02-06
UK_nan,3,2020-02-07
UK_nan,3,2020-02-08
UK_nan,3,2020-02-09
UK_nan,8,2020-02-10
UK_nan,8,2020-02-11
UK_nan,9,2020-02-12
UK_nan,9,2020-02-13
UK_nan,9,2020-02-14
UK_nan,9,2020-02-15
UK_nan,9,2020-02-16
UK_nan,9,2020-02-17
UK_nan,9,2020-02-18
UK_nan,9,2020-02-19
Russia_nan,0,2020-01-22
Russia_nan,0,2020-01-23
Russia_nan,0,2020-01-24
Russia_nan,0,2020-01-25
Russia_nan,0,2020-01-26
Russia_nan,0,2020-01-27
Russia_nan,0,2020-01-28
Russia_nan,0,2020-01-29
Russia_nan,0,2020-01-30
Russia_nan,2,2020-01-31
Russia_nan,2,2020-02-01
Russia_nan,2,2020-02-02
Russia_nan,2,2020-02-03
Russia_nan,2,2020-02-04
Russia_nan,2,2020-02-05
Russia_nan,2,2020-02-06
Russia_nan,2,2020-02-07
Russia_nan,2,2020-02-08
Russia_nan,2,2020-02-09
Russia_nan,2,2020-02-10
Russia_nan,2,2020-02-11
Russia_nan,2,2020-02-12
Russia_nan,2,2020-02-13
Russia_nan,2,2020-02-14
Russia_nan,2,2020-02-15
Russia_nan,2,2020-02-16
Russia_nan,2,2020-02-17
Russia_nan,2,2020-02-18
Russia_nan,2,2020-02-19
Sweden_nan,0,2020-01-22
Sweden_nan,0,2020-01-23
Sweden_nan,0,2020-01-24
Sweden_nan,0,2020-01-25
Sweden_nan,0,2020-01-26
Sweden_nan,0,2020-01-27
Sweden_nan,0,2020-01-28
Sweden_nan,0,2020-01-29
Sweden_nan,0,2020-01-30
Sweden_nan,1,2020-01-31
Sweden_nan,1,2020-02-01
Sweden_nan,1,2020-02-02
Sweden_nan,1,2020-02-03
Sweden_nan,1,2020-02-04
Sweden_nan,1,2020-02-05
Sweden_nan,1,2020-02-06
Sweden_nan,1,2020-02-07
Sweden_nan,1,2020-02-08
Sweden_nan,1,2020-02-09
Sweden_nan,1,2020-02-10
Sweden_nan,1,2020-02-11
Sweden_nan,1,2020-02-12
Sweden_nan,1,2020-02-13
Sweden_nan,1,2020-02-14
Sweden_nan,1,2020-02-15
Sweden_nan,1,2020-02-16
Sweden_nan,1,2020-02-17
Sweden_nan,1,2020-02-18
Sweden_nan,1,2020-02-19
US_Santa_Clara__CA,0,2020-01-22
US_Santa_Clara__CA,0,2020-01-23
US_Santa_Clara__CA,0,2020-01-24
US_Santa_Clara__CA,0,2020-01-25
US_Santa_Clara__CA,0,2020-01-26
US_Santa_Clara__CA,0,2020-01-27
US_Santa_Clara__CA,0,2020-01-28
US_Santa_Clara__CA,0,2020-01-29
US_Santa_Clara__CA,0,2020-01-30
US_Santa_Clara__CA,1,2020-01-31
US_Santa_Clara__CA,1,2020-02-01
US_Santa_Clara__CA,1,2020-02-02
US_Santa_Clara__CA,2,2020-02-03
US_Santa_Clara__CA,2,2020-02-04
US_Santa_Clara__CA,2,2020-02-05
US_Santa_Clara__CA,2,2020-02-06
US_Santa_Clara__CA,2,2020-02-07
US_Santa_Clara__CA,2,2020-02-08
US_Santa_Clara__CA,2,2020-02-09
US_Santa_Clara__CA,2,2020-02-10
US_Santa_Clara__CA,2,2020-02-11
US_Santa_Clara__CA,2,2020-02-12
US_Santa_Clara__CA,2,2020-02-13
US_Santa_Clara__CA,2,2020-02-14
US_Santa_Clara__CA,2,2020-02-15
US_Santa_Clara__CA,2,2020-02-16
US_Santa_Clara__CA,2,2020-02-17
US_Santa_Clara__CA,2,2020-02-18
US_Santa_Clara__CA,2,2020-02-19
Spain_nan,0,2020-01-22
Spain_nan,0,2020-01-23
Spain_nan,0,2020-01-24
Spain_nan,0,2020-01-25
Spain_nan,0,2020-01-26
Spain_nan,0,2020-01-27
Spain_nan,0,2020-01-28
Spain_nan,0,2020-01-29
Spain_nan,0,2020-01-30
Spain_nan,0,2020-01-31
Spain_nan,1,2020-02-01
Spain_nan,1,2020-02-02
Spain_nan,1,2020-02-03
Spain_nan,1,2020-02-04
Spain_nan,1,2020-02-05
Spain_nan,1,2020-02-06
Spain_nan,1,2020-02-07
Spain_nan,1,2020-02-08
Spain_nan,2,2020-02-09
Spain_nan,2,2020-02-10
Spain_nan,2,2020-02-11
Spain_nan,2,2020-02-12
Spain_nan,2,2020-02-13
Spain_nan,2,2020-02-14
Spain_nan,2,2020-02-15
Spain_nan,2,2020-02-16
Spain_nan,2,2020-02-17
Spain_nan,2,2020-02-18
Spain_nan,2,2020-02-19
Australia_South_Australia,0,2020-01-22
Australia_South_Australia,0,2020-01-23
Australia_South_Australia,0,2020-01-24
Australia_South_Australia,0,2020-01-25
Australia_South_Australia,0,2020-01-26
Australia_South_Australia,0,2020-01-27
Australia_South_Australia,0,2020-01-28
Australia_South_Australia,0,2020-01-29
Australia_South_Australia,0,2020-01-30
Australia_South_Australia,0,2020-01-31
Australia_South_Australia,1,2020-02-01
Australia_South_Australia,2,2020-02-02
Australia_South_Australia,2,2020-02-03
Australia_South_Australia,2,2020-02-04
Australia_South_Australia,2,2020-02-05
Australia_South_Australia,2,2020-02-06
Australia_South_Australia,2,2020-02-07
Australia_South_Australia,2,2020-02-08
Australia_South_Australia,2,2020-02-09
Australia_South_Australia,2,2020-02-10
Australia_South_Australia,2,2020-02-11
Australia_South_Australia,2,2020-02-12
Australia_South_Australia,2,2020-02-13
Australia_South_Australia,2,2020-02-14
Australia_South_Australia,2,2020-02-15
Australia_South_Australia,2,2020-02-16
Australia_South_Australia,2,2020-02-17
Australia_South_Australia,2,2020-02-18
Australia_South_Australia,2,2020-02-19
US_Boston__MA,0,2020-01-22
US_Boston__MA,0,2020-01-23
US_Boston__MA,0,2020-01-24
US_Boston__MA,0,2020-01-25
US_Boston__MA,0,2020-01-26
US_Boston__MA,0,2020-01-27
US_Boston__MA,0,2020-01-28
US_Boston__MA,0,2020-01-29
US_Boston__MA,0,2020-01-30
US_Boston__MA,0,2020-01-31
US_Boston__MA,1,2020-02-01
US_Boston__MA,1,2020-02-02
US_Boston__MA,1,2020-02-03
US_Boston__MA,1,2020-02-04
US_Boston__MA,1,2020-02-05
US_Boston__MA,1,2020-02-06
US_Boston__MA,1,2020-02-07
US_Boston__MA,1,2020-02-08
US_Boston__MA,1,2020-02-09
US_Boston__MA,1,2020-02-10
US_Boston__MA,1,2020-02-11
US_Boston__MA,1,2020-02-12
US_Boston__MA,1,2020-02-13
US_Boston__MA,1,2020-02-14
US_Boston__MA,1,2020-02-15
US_Boston__MA,1,2020-02-16
US_Boston__MA,1,2020-02-17
US_Boston__MA,1,2020-02-18
US_Boston__MA,1,2020-02-19
US_San_Benito__CA,0,2020-01-22
US_San_Benito__CA,0,2020-01-23
US_San_Benito__CA,0,2020-01-24
US_San_Benito__CA,0,2020-01-25
US_San_Benito__CA,0,2020-01-26
US_San_Benito__CA,0,2020-01-27
US_San_Benito__CA,0,2020-01-28
US_San_Benito__CA,0,2020-01-29
US_San_Benito__CA,0,2020-01-30
US_San_Benito__CA,0,2020-01-31
US_San_Benito__CA,0,2020-02-01
US_San_Benito__CA,0,2020-02-02
US_San_Benito__CA,2,2020-02-03
US_San_Benito__CA,2,2020-02-04
US_San_Benito__CA,2,2020-02-05
US_San_Benito__CA,2,2020-02-06
US_San_Benito__CA,2,2020-02-07
US_San_Benito__CA,2,2020-02-08
US_San_Benito__CA,2,2020-02-09
US_San_Benito__CA,2,2020-02-10
US_San_Benito__CA,2,2020-02-11
US_San_Benito__CA,2,2020-02-12
US_San_Benito__CA,2,2020-02-13
US_San_Benito__CA,2,2020-02-14
US_San_Benito__CA,2,2020-02-15
US_San_Benito__CA,2,2020-02-16
US_San_Benito__CA,2,2020-02-17
US_San_Benito__CA,2,2020-02-18
US_San_Benito__CA,2,2020-02-19
Belgium_nan,0,2020-01-22
Belgium_nan,0,2020-01-23
Belgium_nan,0,2020-01-24
Belgium_nan,0,2020-01-25
Belgium_nan,0,2020-01-26
Belgium_nan,0,2020-01-27
Belgium_nan,0,2020-01-28
Belgium_nan,0,2020-01-29
Belgium_nan,0,2020-01-30
Belgium_nan,0,2020-01-31
Belgium_nan,0,2020-02-01
Belgium_nan,0,2020-02-02
Belgium_nan,0,2020-02-03
Belgium_nan,1,2020-02-04
Belgium_nan,1,2020-02-05
Belgium_nan,1,2020-02-06
Belgium_nan,1,2020-02-07
Belgium_nan,1,2020-02-08
Belgium_nan,1,2020-02-09
Belgium_nan,1,2020-02-10
Belgium_nan,1,2020-02-11
Belgium_nan,1,2020-02-12
Belgium_nan,1,2020-02-13
Belgium_nan,1,2020-02-14
Belgium_nan,1,2020-02-15
Belgium_nan,1,2020-02-16
Belgium_nan,1,2020-02-17
Belgium_nan,1,2020-02-18
Belgium_nan,1,2020-02-19
US_Madison__WI,0,2020-01-22
US_Madison__WI,0,2020-01-23
US_Madison__WI,0,2020-01-24
US_Madison__WI,0,2020-01-25
US_Madison__WI,0,2020-01-26
US_Madison__WI,0,2020-01-27
US_Madison__WI,0,2020-01-28
US_Madison__WI,0,2020-01-29
US_Madison__WI,0,2020-01-30
US_Madison__WI,0,2020-01-31
US_Madison__WI,0,2020-02-01
US_Madison__WI,0,2020-02-02
US_Madison__WI,0,2020-02-03
US_Madison__WI,0,2020-02-04
US_Madison__WI,1,2020-02-05
US_Madison__WI,1,2020-02-06
US_Madison__WI,1,2020-02-07
US_Madison__WI,1,2020-02-08
US_Madison__WI,1,2020-02-09
US_Madison__WI,1,2020-02-10
US_Madison__WI,1,2020-02-11
US_Madison__WI,1,2020-02-12
US_Madison__WI,1,2020-02-13
US_Madison__WI,1,2020-02-14
US_Madison__WI,1,2020-02-15
US_Madison__WI,1,2020-02-16
US_Madison__WI,1,2020-02-17
US_Madison__WI,1,2020-02-18
US_Madison__WI,1,2020-02-19
Others_Diamond_Princess_cruise_ship,0,2020-01-22
Others_Diamond_Princess_cruise_ship,0,2020-01-23
Others_Diamond_Princess_cruise_ship,0,2020-01-24
Others_Diamond_Princess_cruise_ship,0,2020-01-25
Others_Diamond_Princess_cruise_ship,0,2020-01-26
Others_Diamond_Princess_cruise_ship,0,2020-01-27
Others_Diamond_Princess_cruise_ship,0,2020-01-28
Others_Diamond_Princess_cruise_ship,0,2020-01-29
Others_Diamond_Princess_cruise_ship,0,2020-01-30
Others_Diamond_Princess_cruise_ship,0,2020-01-31
Others_Diamond_Princess_cruise_ship,0,2020-02-01
Others_Diamond_Princess_cruise_ship,0,2020-02-02
Others_Diamond_Princess_cruise_ship,0,2020-02-03
Others_Diamond_Princess_cruise_ship,0,2020-02-04
Others_Diamond_Princess_cruise_ship,0,2020-02-05
Others_Diamond_Princess_cruise_ship,0,2020-02-06
Others_Diamond_Princess_cruise_ship,61,2020-02-07
Others_Diamond_Princess_cruise_ship,61,2020-02-08
Others_Diamond_Princess_cruise_ship,64,2020-02-09
Others_Diamond_Princess_cruise_ship,135,2020-02-10
Others_Diamond_Princess_cruise_ship,135,2020-02-11
Others_Diamond_Princess_cruise_ship,175,2020-02-12
Others_Diamond_Princess_cruise_ship,175,2020-02-13
Others_Diamond_Princess_cruise_ship,218,2020-02-14
Others_Diamond_Princess_cruise_ship,285,2020-02-15
Others_Diamond_Princess_cruise_ship,355,2020-02-16
Others_Diamond_Princess_cruise_ship,454,2020-02-17
Others_Diamond_Princess_cruise_ship,542,2020-02-18
Others_Diamond_Princess_cruise_ship,621,2020-02-19
US_San_Diego_County__CA,0,2020-01-22
US_San_Diego_County__CA,0,2020-01-23
US_San_Diego_County__CA,0,2020-01-24
US_San_Diego_County__CA,0,2020-01-25
US_San_Diego_County__CA,0,2020-01-26
US_San_Diego_County__CA,0,2020-01-27
US_San_Diego_County__CA,0,2020-01-28
US_San_Diego_County__CA,0,2020-01-29
US_San_Diego_County__CA,0,2020-01-30
US_San_Diego_County__CA,0,2020-01-31
US_San_Diego_County__CA,0,2020-02-01
US_San_Diego_County__CA,0,2020-02-02
US_San_Diego_County__CA,0,2020-02-03
US_San_Diego_County__CA,0,2020-02-04
US_San_Diego_County__CA,0,2020-02-05
US_San_Diego_County__CA,0,2020-02-06
US_San_Diego_County__CA,0,2020-02-07
US_San_Diego_County__CA,0,2020-02-08
US_San_Diego_County__CA,0,2020-02-09
US_San_Diego_County__CA,0,2020-02-10
US_San_Diego_County__CA,1,2020-02-11
US_San_Diego_County__CA,1,2020-02-12
US_San_Diego_County__CA,2,2020-02-13
US_San_Diego_County__CA,2,2020-02-14
US_San_Diego_County__CA,2,2020-02-15
US_San_Diego_County__CA,2,2020-02-16
US_San_Diego_County__CA,2,2020-02-17
US_San_Diego_County__CA,2,2020-02-18
US_San_Diego_County__CA,2,2020-02-19
US_San_Antonio__TX,0,2020-01-22
US_San_Antonio__TX,0,2020-01-23
US_San_Antonio__TX,0,2020-01-24
US_San_Antonio__TX,0,2020-01-25
US_San_Antonio__TX,0,2020-01-26
US_San_Antonio__TX,0,2020-01-27
US_San_Antonio__TX,0,2020-01-28
US_San_Antonio__TX,0,2020-01-29
US_San_Antonio__TX,0,2020-01-30
US_San_Antonio__TX,0,2020-01-31
US_San_Antonio__TX,0,2020-02-01
US_San_Antonio__TX,0,2020-02-02
US_San_Antonio__TX,0,2020-02-03
US_San_Antonio__TX,0,2020-02-04
US_San_Antonio__TX,0,2020-02-05
US_San_Antonio__TX,0,2020-02-06
US_San_Antonio__TX,0,2020-02-07
US_San_Antonio__TX,0,2020-02-08
US_San_Antonio__TX,0,2020-02-09
US_San_Antonio__TX,0,2020-02-10
US_San_Antonio__TX,0,2020-02-11
US_San_Antonio__TX,0,2020-02-12
US_San_Antonio__TX,1,2020-02-13
US_San_Antonio__TX,1,2020-02-14
US_San_Antonio__TX,1,2020-02-15
US_San_Antonio__TX,1,2020-02-16
US_San_Antonio__TX,1,2020-02-17
US_San_Antonio__TX,1,2020-02-18
US_San_Antonio__TX,1,2020-02-19
Egypt_nan,0,2020-01-22
Egypt_nan,0,2020-01-23
Egypt_nan,0,2020-01-24
Egypt_nan,0,2020-01-25
Egypt_nan,0,2020-01-26
Egypt_nan,0,2020-01-27
Egypt_nan,0,2020-01-28
Egypt_nan,0,2020-01-29
Egypt_nan,0,2020-01-30
Egypt_nan,0,2020-01-31
Egypt_nan,0,2020-02-01
Egypt_nan,0,2020-02-02
Egypt_nan,0,2020-02-03
Egypt_nan,0,2020-02-04
Egypt_nan,0,2020-02-05
Egypt_nan,0,2020-02-06
Egypt_nan,0,2020-02-07
Egypt_nan,0,2020-02-08
Egypt_nan,0,2020-02-09
Egypt_nan,0,2020-02-10
Egypt_nan,0,2020-02-11
Egypt_nan,0,2020-02-12
Egypt_nan,0,2020-02-13
Egypt_nan,1,2020-02-14
Egypt_nan,1,2020-02-15
Egypt_nan,1,2020-02-16
Egypt_nan,1,2020-02-17
Egypt_nan,1,2020-02-18
Egypt_nan,1,2020-02-19
Iran_nan,0,2020-01-22
Iran_nan,0,2020-01-23
Iran_nan,0,2020-01-24
Iran_nan,0,2020-01-25
Iran_nan,0,2020-01-26
Iran_nan,0,2020-01-27
Iran_nan,0,2020-01-28
Iran_nan,0,2020-01-29
Iran_nan,0,2020-01-30
Iran_nan,0,2020-01-31
Iran_nan,0,2020-02-01
Iran_nan,0,2020-02-02
Iran_nan,0,2020-02-03
Iran_nan,0,2020-02-04
Iran_nan,0,2020-02-05
Iran_nan,0,2020-02-06
Iran_nan,0,2020-02-07
Iran_nan,0,2020-02-08
Iran_nan,0,2020-02-09
Iran_nan,0,2020-02-10
Iran_nan,0,2020-02-11
Iran_nan,0,2020-02-12
Iran_nan,0,2020-02-13
Iran_nan,0,2020-02-14
Iran_nan,0,2020-02-15
Iran_nan,0,2020-02-16
Iran_nan,0,2020-02-17
Iran_nan,0,2020-02-18
Iran_nan,2,2020-02-19
China_total,547,2020-01-22
China_total,639,2020-01-23
China_total,916,2020-01-24
China_total,1399,2020-01-25
China_total,2062,2020-01-26
China_total,2863,2020-01-27
China_total,5494,2020-01-28
China_total,6070,2020-01-29
China_total,8124,2020-01-30
China_total,9783,2020-01-31
China_total,11871,2020-02-01
China_total,16607,2020-02-02
China_total,19693,2020-02-03
China_total,23680,2020-02-04
China_total,27409,2020-02-05
China_total,30553,2020-02-06
China_total,34075,2020-02-07
China_total,36778,2020-02-08
China_total,39790,2020-02-09
China_total,42306,2020-02-10
China_total,44327,2020-02-11
China_total,44699,2020-02-12
China_total,59832,2020-02-13
China_total,66292,2020-02-14
China_total,68347,2020-02-15
China_total,70446,2020-02-16
China_total,72364,2020-02-17
China_total,74139,2020-02-18
China_total,74546,2020-02-19
